"Freq [GHz]","dB(S(1,1)) []"
0.74,-6.65779675437493
0.7401,-6.66855625388437
0.7402,-6.67933460489004
0.7403,-6.69013184293675
0.7404,-6.7009480036429
0.7405,-6.71178312270051
0.7406,-6.72263723587545
0.7407,-6.73351037900737
0.7408,-6.74440258800987
0.7409,-6.75531389887059
0.741,-6.76624434765126
0.7411,-6.77719397048778
0.7412,-6.78816280359035
0.7413,-6.79915088324348
0.7414,-6.8101582458061
0.7415,-6.82118492771168
0.7416,-6.83223096546819
0.7417,-6.84329639565826
0.7418,-6.85438125493922
0.7419,-6.86548558004319
0.742,-6.87660940777706
0.7421,-6.88775277502264
0.7422,-6.8989157187367
0.7423,-6.91009827595099
0.7424,-6.92130048377232
0.7425,-6.93252237938261
0.7426,-6.94376400003894
0.7427,-6.95502538307356
0.7428,-6.966306565894
0.7429,-6.97760758598306
0.743,-6.98892848089884
0.7431,-7.00026928827481
0.7432,-7.01163004581987
0.7433,-7.02301079131827
0.7434,-7.0344115626297
0.7435,-7.04583239768941
0.7436,-7.05727333450805
0.7437,-7.06873441117178
0.7438,-7.08021566584232
0.7439,-7.09171713675689
0.744,-7.10323886222821
0.7441,-7.11478088064465
0.7442,-7.12634323047001
0.7443,-7.13792595024365
0.7444,-7.14952907858052
0.7445,-7.16115265417103
0.7446,-7.17279671578112
0.7447,-7.18446130225223
0.7448,-7.19614645250124
0.7449,-7.20785220552051
0.745,-7.2195786003778
0.7451,-7.23132567621626
0.7452,-7.24309347225436
0.7453,-7.2548820277859
0.7454,-7.26669138217996
0.7455,-7.27852157488077
0.7456,-7.29037264540778
0.7457,-7.3022446333555
0.7458,-7.31413757839349
0.7459,-7.32605152026627
0.746,-7.33798649879324
0.7461,-7.34994255386868
0.7462,-7.36191972546155
0.7463,-7.37391805361547
0.7464,-7.38593757844864
0.7465,-7.3979783401537
0.7466,-7.41004037899766
0.7467,-7.4221237353218
0.7468,-7.43422844954151
0.7469,-7.44635456214622
0.747,-7.45850211369928
0.7471,-7.47067114483778
0.7472,-7.48286169627243
0.7473,-7.4950738087875
0.7474,-7.50730752324057
0.7475,-7.51956288056239
0.7476,-7.53183992175679
0.7477,-7.54413868790048
0.7478,-7.55645922014284
0.7479,-7.56880155970576
0.748,-7.58116574788353
0.7481,-7.59355182604255
0.7482,-7.60595983562116
0.7483,-7.61838981812949
0.7484,-7.63084181514917
0.7485,-7.64331586833316
0.7486,-7.65581201940551
0.7487,-7.66833031016113
0.7488,-7.68087078246558
0.7489,-7.69343347825469
0.749,-7.70601843953455
0.7491,-7.71862570838098
0.7492,-7.73125532693944
0.7493,-7.74390733742469
0.7494,-7.75658178212046
0.7495,-7.76927870337925
0.7496,-7.78199814362195
0.7497,-7.79474014533754
0.7498,-7.80750475108276
0.7499,-7.82029200348185
0.75,-7.83310194522612
0.7501,-7.84593461907364
0.7502,-7.85879006784887
0.7503,-7.87166833444233
0.7504,-7.88456946181017
0.7505,-7.89749349297379
0.7506,-7.91044047101953
0.7507,-7.92341043909811
0.7508,-7.9364034404243
0.7509,-7.94941951827657
0.751,-7.96245871599649
0.7511,-7.97552107698837
0.7512,-7.98860664471879
0.7513,-8.00171546271617
0.7514,-8.01484757457018
0.7515,-8.02800302393134
0.7516,-8.04118185451048
0.7517,-8.05438411007825
0.7518,-8.06760983446452
0.7519,-8.08085907155796
0.752,-8.09413186530533
0.7521,-8.10742825971102
0.7522,-8.12074829883649
0.7523,-8.13409202679958
0.7524,-8.14745948777399
0.7525,-8.16085072598862
0.7526,-8.17426578572693
0.7527,-8.18770471132633
0.7528,-8.2011675471775
0.7529,-8.2146543377237
0.753,-8.22816512746012
0.7531,-8.24169996093312
0.7532,-8.25525888273958
0.7533,-8.2688419375261
0.7534,-8.28244916998828
0.7535,-8.29608062487003
0.7536,-8.3097363469626
0.7537,-8.32341638110395
0.7538,-8.33712077217793
0.7539,-8.35084956511335
0.754,-8.36460280488323
0.7541,-8.37838053650383
0.7542,-8.39218280503391
0.7543,-8.40600965557373
0.7544,-8.41986113326414
0.7545,-8.4337372832857
0.7546,-8.44763815085768
0.7547,-8.46156378123707
0.7548,-8.47551421971769
0.7549,-8.48948951162905
0.755,-8.50348970233536
0.7551,-8.51751483723458
0.7552,-8.53156496175724
0.7553,-8.54564012136531
0.7554,-8.55974036155127
0.7555,-8.57386572783676
0.7556,-8.58801626577161
0.7557,-8.60219202093253
0.7558,-8.61639303892203
0.7559,-8.63061936536709
0.756,-8.64487104591791
0.7561,-8.65914812624685
0.7562,-8.67345065204685
0.7563,-8.68777866903027
0.7564,-8.70213222292764
0.7565,-8.71651135948603
0.7566,-8.73091612446798
0.7567,-8.74534656364979
0.7568,-8.75980272282036
0.7569,-8.77428464777947
0.757,-8.78879238433646
0.7571,-8.80332597830867
0.7572,-8.81788547551986
0.7573,-8.83247092179862
0.7574,-8.84708236297691
0.7575,-8.86171984488822
0.7576,-8.87638341336605
0.7577,-8.89107311424224
0.7578,-8.90578899334512
0.7579,-8.92053109649787
0.758,-8.93529946951675
0.7581,-8.95009415820919
0.7582,-8.96491520837204
0.7583,-8.97976266578963
0.7584,-8.99463657623196
0.7585,-9.00953698545264
0.7586,-9.02446393918696
0.7587,-9.03941748314994
0.7588,-9.05439766303421
0.7589,-9.06940452450791
0.759,-9.08443811321273
0.7591,-9.09949847476159
0.7592,-9.11458565473647
0.7593,-9.12969969868637
0.7594,-9.14484065212477
0.7595,-9.16000856052753
0.7596,-9.17520346933049
0.7597,-9.1904254239271
0.7598,-9.20567446966595
0.7599,-9.22095065184837
0.76,-9.23625401572593
0.7601,-9.25158460649786
0.7602,-9.26694246930841
0.7603,-9.28232764924443
0.7604,-9.29774019133241
0.7605,-9.31318014053596
0.7606,-9.32864754175302
0.7607,-9.34414243981298
0.7608,-9.35966487947388
0.7609,-9.37521490541947
0.761,-9.39079256225634
0.7611,-9.40639789451078
0.7612,-9.42203094662585
0.7613,-9.43769176295828
0.7614,-9.45338038777523
0.7615,-9.46909686525112
0.7616,-9.48484123946446
0.7617,-9.50061355439444
0.7618,-9.51641385391758
0.7619,-9.53224218180442
0.762,-9.54809858171589
0.7621,-9.5639830971999
0.7622,-9.57989577168767
0.7623,-9.59583664849022
0.7624,-9.6118057707945
0.7625,-9.62780318165972
0.7626,-9.64382892401361
0.7627,-9.6598830406483
0.7628,-9.6759655742166
0.7629,-9.69207656722791
0.763,-9.70821606204416
0.7631,-9.72438410087557
0.7632,-9.74058072577665
0.7633,-9.75680597864173
0.7634,-9.77305990120071
0.7635,-9.78934253501468
0.7636,-9.8056539214714
0.7637,-9.82199410178073
0.7638,-9.83836311697
0.7639,-9.85476100787946
0.764,-9.87118781515728
0.7641,-9.8876435792549
0.7642,-9.90412834042203
0.7643,-9.92064213870161
0.7644,-9.93718501392481
0.7645,-9.95375700570588
0.7646,-9.97035815343681
0.7647,-9.98698849628212
0.7648,-10.0036480731734
0.7649,-10.0203369228039
0.765,-10.0370550836228
0.7651,-10.0538025938297
0.7652,-10.0705794913689
0.7653,-10.0873858139232
0.7654,-10.1042215989087
0.7655,-10.1210868834679
0.7656,-10.1379817044644
0.7657,-10.154906098476
0.7658,-10.171860101789
0.7659,-10.1888437503913
0.766,-10.2058570799662
0.7661,-10.2229001258857
0.7662,-10.2399729232039
0.7663,-10.25707550665
0.7664,-10.2742079106215
0.7665,-10.2913701691774
0.7666,-10.3085623160306
0.7667,-10.325784384541
0.7668,-10.3430364077084
0.7669,-10.3603184181642
0.767,-10.3776304481649
0.7671,-10.3949725295836
0.7672,-10.4123446939026
0.7673,-10.4297469722053
0.7674,-10.4471793951683
0.7675,-10.4646419930533
0.7676,-10.4821347956984
0.7677,-10.4996578325103
0.7678,-10.5172111324552
0.7679,-10.5347947240506
0.768,-10.5524086353561
0.7681,-10.5700528939649
0.7682,-10.5877275269943
0.7683,-10.6054325610767
0.7684,-10.6231680223503
0.7685,-10.6409339364498
0.7686,-10.6587303284961
0.7687,-10.6765572230875
0.7688,-10.694414644289
0.7689,-10.7123026156226
0.769,-10.7302211600569
0.7691,-10.7481702999972
0.7692,-10.7661500572743
0.7693,-10.7841604531343
0.7694,-10.8022015082278
0.7695,-10.8202732425986
0.7696,-10.8383756756726
0.7697,-10.8565088262469
0.7698,-10.8746727124777
0.7699,-10.8928673518691
0.77,-10.9110927612612
0.7701,-10.9293489568177
0.7702,-10.9476359540143
0.7703,-10.9659537676261
0.7704,-10.9843024117148
0.7705,-11.0026818996166
0.7706,-11.0210922439284
0.7707,-11.0395334564957
0.7708,-11.0580055483985
0.7709,-11.0765085299381
0.771,-11.0950424106238
0.7711,-11.1136071991583
0.7712,-11.1322029034241
0.7713,-11.1508295304692
0.7714,-11.1694870864924
0.7715,-11.1881755768286
0.7716,-11.2068950059344
0.7717,-11.2256453773719
0.7718,-11.2444266937946
0.7719,-11.2632389569308
0.772,-11.2820821675685
0.7721,-11.300956325539
0.7722,-11.3198614297007
0.7723,-11.3387974779228
0.7724,-11.3577644670683
0.7725,-11.3767623929771
0.7726,-11.3957912504492
0.7727,-11.4148510332267
0.7728,-11.4339417339762
0.7729,-11.4530633442712
0.773,-11.4722158545736
0.7731,-11.4913992542154
0.7732,-11.5106135313796
0.7733,-11.5298586730819
0.7734,-11.5491346651506
0.7735,-11.568441492208
0.7736,-11.5877791376497
0.7737,-11.6071475836252
0.7738,-11.6265468110172
0.7739,-11.645976799421
0.774,-11.6654375271237
0.7741,-11.6849289710828
0.7742,-11.7044511069047
0.7743,-11.7240039088231
0.7744,-11.7435873496768
0.7745,-11.7632014008868
0.7746,-11.7828460324345
0.7747,-11.8025212128377
0.7748,-11.8222269091279
0.7749,-11.8419630868262
0.775,-11.8617297099197
0.7751,-11.8815267408366
0.7752,-11.9013541404221
0.7753,-11.9212118679131
0.7754,-11.9410998809128
0.7755,-11.9610181353654
0.7756,-11.9809665855294
0.7757,-12.000945183952
0.7758,-12.0209538814416
0.7759,-12.0409926270413
0.776,-12.0610613680012
0.7761,-12.0811600497504
0.7762,-12.1012886158692
0.7763,-12.1214470080601
0.7764,-12.1416351661193
0.7765,-12.161853027907
0.7766,-12.1821005293177
0.7767,-12.2023776042502
0.7768,-12.2226841845774
0.7769,-12.2430202001148
0.777,-12.2633855785895
0.7771,-12.2837802456085
0.7772,-12.3042041246267
0.7773,-12.324657136914
0.7774,-12.3451392015227
0.7775,-12.3656502352539
0.7776,-12.3861901526238
0.7777,-12.4067588658295
0.7778,-12.4273562847142
0.7779,-12.4479823167322
0.778,-12.4686368669133
0.7781,-12.4893198378269
0.7782,-12.5100311295454
0.7783,-12.5307706396073
0.7784,-12.55153826298
0.7785,-12.572333892022
0.7786,-12.5931574164444
0.7787,-12.6140087232722
0.7788,-12.6348876968052
0.7789,-12.6557942185784
0.779,-12.6767281673212
0.7791,-12.6976894189176
0.7792,-12.7186778463645
0.7793,-12.73969331973
0.7794,-12.7607357061115
0.7795,-12.7818048695932
0.7796,-12.8029006712025
0.7797,-12.8240229688666
0.7798,-12.8451716173685
0.7799,-12.8663464683021
0.78,-12.887547370027
0.7801,-12.9087741676232
0.7802,-12.9300267028443
0.7803,-12.9513048140711
0.7804,-12.9726083362646
0.7805,-12.9939371009176
0.7806,-13.0152909360067
0.7807,-13.0366696659438
0.7808,-13.058073111526
0.7809,-13.0795010898862
0.781,-13.1009534144425
0.7811,-13.1224298948472
0.7812,-13.1439303369353
0.7813,-13.1654545426722
0.7814,-13.1870023101016
0.7815,-13.2085734332917
0.7816,-13.2301677022819
0.7817,-13.2517849030284
0.7818,-13.2734248173494
0.7819,-13.2950872228698
0.782,-13.3167718929653
0.7821,-13.3384785967057
0.7822,-13.3602070987981
0.7823,-13.3819571595298
0.7824,-13.4037285347091
0.7825,-13.4255209756079
0.7826,-13.4473342289015
0.7827,-13.4691680366097
0.7828,-13.4910221360358
0.7829,-13.5128962597065
0.783,-13.5347901353099
0.7831,-13.5567034856342
0.7832,-13.5786360285049
0.7833,-13.600587476722
0.7834,-13.6225575379966
0.7835,-13.644545914887
0.7836,-13.666552304734
0.7837,-13.6885763995961
0.7838,-13.7106178861837
0.7839,-13.7326764457936
0.784,-13.754751754242
0.7841,-13.7768434817981
0.7842,-13.7989512931158
0.7843,-13.8210748471667
0.7844,-13.8432137971712
0.7845,-13.8653677905294
0.7846,-13.8875364687527
0.7847,-13.909719467393
0.7848,-13.9319164159732
0.7849,-13.9541269379168
0.785,-13.9763506504761
0.7851,-13.9985871646615
0.7852,-14.0208360851696
0.7853,-14.043097010311
0.7854,-14.0653695319376
0.7855,-14.0876532353704
0.7856,-14.1099476993256
0.7857,-14.1322524958415
0.7858,-14.1545671902047
0.7859,-14.1768913408762
0.786,-14.1992244994167
0.7861,-14.2215662104122
0.7862,-14.2439160113996
0.7863,-14.266273432791
0.7864,-14.2886379977993
0.7865,-14.3110092223621
0.7866,-14.3333866150667
0.7867,-14.3557696770745
0.7868,-14.3781579020451
0.7869,-14.4005507760605
0.787,-14.4229477775495
0.7871,-14.4453483772117
0.7872,-14.4677520379418
0.7873,-14.4901582147539
0.7874,-14.5125663547051
0.7875,-14.5349758968209
0.7876,-14.5573862720191
0.7877,-14.5797969030344
0.7878,-14.6022072043435
0.7879,-14.6246165820902
0.788,-14.6470244340106
0.7881,-14.6694301493588
0.7882,-14.6918331088329
0.7883,-14.7142326845015
0.7884,-14.7366282397301
0.7885,-14.759019129109
0.7886,-14.7814046983804
0.7887,-14.803784284367
0.7888,-14.8261572149009
0.7889,-14.8485228087532
0.789,-14.8708803755639
0.7891,-14.8932292157732
0.7892,-14.915568620553
0.7893,-14.9378978717396
0.7894,-14.9602162417669
0.7895,-14.9825229936015
0.7896,-15.004817380677
0.7897,-15.0270986468313
0.7898,-15.049366026244
0.7899,-15.0716187433749
0.79,-15.0938560129039
0.7901,-15.1160770396729
0.7902,-15.1382810186277
0.7903,-15.1604671347621
0.7904,-15.1826345630641
0.7905,-15.2047824684623
0.7906,-15.2269100057746
0.7907,-15.2490163196591
0.7908,-15.2711005445662
0.7909,-15.2931618046919
0.791,-15.3151992139348
0.7911,-15.3372118758532
0.7912,-15.3591988836254
0.7913,-15.3811593200119
0.7914,-15.4030922573198
0.7915,-15.4249967573692
0.7916,-15.4468718714625
0.7917,-15.4687166403561
0.7918,-15.490530094234
0.7919,-15.5123112526851
0.792,-15.5340591246823
0.7921,-15.5557727085652
0.7922,-15.5774509920249
0.7923,-15.5990929520924
0.7924,-15.6206975551302
0.7925,-15.6422637568262
0.7926,-15.6637905021923
0.7927,-15.6852767255647
0.7928,-15.7067213506093
0.7929,-15.7281232903295
0.793,-15.7494814470782
0.7931,-15.7707947125733
0.7932,-15.7920619679176
0.7933,-15.8132820836218
0.7934,-15.8344539196324
0.7935,-15.8555763253632
0.7936,-15.8766481397313
0.7937,-15.8976681911976
0.7938,-15.9186352978114
0.7939,-15.9395482672596
0.794,-15.9604058969211
0.7941,-15.9812069739257
0.7942,-16.0019502752169
0.7943,-16.0226345676218
0.7944,-16.0432586079235
0.7945,-16.063821142941
0.7946,-16.084320909613
0.7947,-16.104756635087
0.7948,-16.1251270368149
0.7949,-16.1454308226531
0.795,-16.165666690969
0.7951,-16.1858333307525
0.7952,-16.2059294217341
0.7953,-16.2259536345087
0.7954,-16.245904630665
0.7955,-16.2657810629214
0.7956,-16.2855815752682
0.7957,-16.3053048031158
0.7958,-16.3249493734493
0.7959,-16.3445139049897
0.796,-16.3639970083613
0.7961,-16.3833972862659
0.7962,-16.4027133336641
0.7963,-16.4219437379623
0.7964,-16.4410870792069
0.7965,-16.4601419302863
0.7966,-16.4791068571381
0.7967,-16.4979804189647
0.7968,-16.5167611684547
0.7969,-16.5354476520127
0.797,-16.5540384099948
0.7971,-16.5725319769523
0.7972,-16.5909268818817
0.7973,-16.6092216484824
0.7974,-16.6274147954216
0.7975,-16.6455048366058
0.7976,-16.6634902814605
0.7977,-16.681369635216
0.7978,-16.6991413992014
0.7979,-16.716804071145
0.798,-16.7343561454823
0.7981,-16.7517961136712
0.7982,-16.7691224645141
0.7983,-16.7863336844873
0.7984,-16.8034282580771
0.7985,-16.8204046681233
0.7986,-16.8372613961693
0.7987,-16.8539969228196
0.7988,-16.8706097281033
0.7989,-16.8870982918449
0.799,-16.9034610940417
0.7991,-16.9196966152473
0.7992,-16.9358033369622
0.7993,-16.95177974203
0.7994,-16.9676243150404
0.7995,-16.9833355427376
0.7996,-16.9989119144356
0.7997,-17.0143519224378
0.7998,-17.0296540624642
0.7999,-17.0448168340818
0.8,-17.0598387411422
0.8001,-17.0747182922233
0.8002,-17.089454001076
0.8003,-17.1040443870758
0.8004,-17.118487975679
0.8005,-17.1327832988825
0.8006,-17.1469288956887
0.8007,-17.1609233125735
0.8008,-17.174765103958
0.8009,-17.1884528326834
0.801,-17.2019850704897
0.8011,-17.2153603984959
0.8012,-17.2285774076842
0.8013,-17.2416346993854
0.8014,-17.2545308857664
0.8015,-17.2672645903199
0.8016,-17.2798344483547
0.8017,-17.292239107488
0.8018,-17.3044772281372
0.8019,-17.3165474840129
0.802,-17.3284485626123
0.8021,-17.3401791657112
0.8022,-17.3517380098563
0.8023,-17.3631238268562
0.8024,-17.3743353642713
0.8025,-17.3853713859017
0.8026,-17.396230672273
0.8027,-17.4069120211206
0.8028,-17.4174142478699
0.8029,-17.4277361861143
0.803,-17.4378766880895
0.8031,-17.4478346251437
0.8032,-17.4576088882038
0.8033,-17.4671983882366
0.8034,-17.4766020567054
0.8035,-17.4858188460211
0.8036,-17.494847729987
0.8037,-17.5036877042386
0.8038,-17.5123377866752
0.8039,-17.5207970178865
0.804,-17.5290644615704
0.8041,-17.5371392049437
0.8042,-17.5450203591452
0.8043,-17.5527070596297
0.8044,-17.5601984665538
0.8045,-17.5674937651522
0.8046,-17.5745921661051
0.8047,-17.5814929058955
0.8048,-17.5881952471563
0.8049,-17.5946984790071
0.805,-17.6010019173807
0.8051,-17.6071049053375
0.8052,-17.6130068133698
0.8053,-17.6187070396934
0.8054,-17.624205010528
0.8055,-17.6295001803651
0.8056,-17.6345920322233
0.8057,-17.639480077891
0.8058,-17.6441638581568
0.8059,-17.6486429430253
0.806,-17.6529169319209
0.8061,-17.6569854538773
0.8062,-17.6608481677135
0.8063,-17.6645047621954
0.8064,-17.6679549561839
0.8065,-17.6711984987684
0.8066,-17.6742351693855
0.8067,-17.6770647779244
0.8068,-17.6796871648162
0.8069,-17.6821022011091
0.807,-17.6843097885295
0.8071,-17.6863098595268
0.8072,-17.6881023773048
0.8073,-17.6896873358368
0.8074,-17.6910647598668
0.8075,-17.692234704895
0.8076,-17.6931972571493
0.8077,-17.6939525335404
0.8078,-17.6945006816037
0.8079,-17.694841879425
0.808,-17.6949763355526
0.8081,-17.6949042888939
0.8082,-17.6946260085979
0.8083,-17.6941417939231
0.8084,-17.6934519740913
0.8085,-17.6925569081272
0.8086,-17.6914569846838
0.8087,-17.6901526218543
0.8088,-17.6886442669704
0.8089,-17.6869323963869
0.809,-17.6850175152531
0.8091,-17.6829001572719
0.8092,-17.6805808844452
0.8093,-17.6780602868074
0.8094,-17.6753389821467
0.8095,-17.6724176157141
0.8096,-17.6692968599212
0.8097,-17.665977414026
0.8098,-17.6624600038082
0.8099,-17.6587453812335
0.81,-17.6548343241075
0.8101,-17.650727635719
0.8102,-17.6464261444745
0.8103,-17.6419307035224
0.8104,-17.6372421903682
0.8105,-17.6323615064813
0.8106,-17.627289576893
0.8107,-17.6220273497869
0.8108,-17.616575796081
0.8109,-17.6109359090032
0.811,-17.6051087036591
0.8111,-17.5990952165941
0.8112,-17.5928965053482
0.8113,-17.5865136480063
0.8114,-17.579947742742
0.8115,-17.5731999073568
0.8116,-17.5662712788145
0.8117,-17.5591630127713
0.8118,-17.5518762831023
0.8119,-17.5444122814238
0.812,-17.5367722166132
0.8121,-17.5289573143252
0.8122,-17.5209688165065
0.8123,-17.5128079809078
0.8124,-17.5044760805943
0.8125,-17.4959744034547
0.8126,-17.4873042517097
0.8127,-17.4784669414189
0.8128,-17.4694638019886
0.8129,-17.4602961756787
0.813,-17.4509654171101
0.8131,-17.4414728927733
0.8132,-17.4318199805373
0.8133,-17.4220080691608
0.8134,-17.4120385578035
0.8135,-17.4019128555411
0.8136,-17.391632380881
0.8137,-17.3811985612817
0.8138,-17.3706128326739
0.8139,-17.3598766389855
0.814,-17.3489914316694
0.8141,-17.3379586692353
0.8142,-17.3267798167846
0.8143,-17.31545634555
0.8144,-17.303989732439
0.8145,-17.2923814595822
0.8146,-17.2806330138858
0.8147,-17.2687458865893
0.8148,-17.2567215728284
0.8149,-17.2445615712029
0.815,-17.2322673833499
0.8151,-17.2198405135231
0.8152,-17.2072824681778
0.8153,-17.1945947555608
0.8154,-17.1817788853079
0.8155,-17.1688363680466
0.8156,-17.155768715005
0.8157,-17.1425774376278
0.8158,-17.1292640471982
0.8159,-17.1158300544668
0.816,-17.1022769692869
0.8161,-17.088606300257
0.8162,-17.0748195543697
0.8163,-17.0609182366677
0.8164,-17.0469038499071
0.8165,-17.0327778942271
0.8166,-17.0185418668276
0.8167,-17.004197261653
0.8168,-16.989745569084
0.8169,-16.9751882756361
0.817,-16.9605268636653
0.8171,-16.945762811081
0.8172,-16.9308975910666
0.8173,-16.9159326718067
0.8174,-16.9008695162214
0.8175,-16.8857095817087
0.8176,-16.870454319893
0.8177,-16.8551051763814
0.8178,-16.8396635905269
0.8179,-16.8241309951987
0.818,-16.8085088165595
0.8181,-16.79279847385
0.8182,-16.7770013791799
0.8183,-16.7611189373265
0.8184,-16.7451525455395
0.8185,-16.7291035933528
0.8186,-16.7129734624032
0.8187,-16.6967635262556
0.8188,-16.6804751502348
0.8189,-16.6641096912637
0.819,-16.6476684977083
0.8191,-16.6311529092285
0.8192,-16.614564256636
0.8193,-16.5979038617574
0.8194,-16.5811730373042
0.8195,-16.5643730867488
0.8196,-16.5475053042055
0.8197,-16.5305709743187
0.8198,-16.5135713721562
0.8199,-16.4965077631076
0.82,-16.4793814027893
0.8201,-16.4621935369545
0.8202,-16.4449454014086
0.8203,-16.4276382219294
0.8204,-16.4102732141937
0.8205,-16.3928515837076
0.8206,-16.3753745257428
0.8207,-16.3578432252771
0.8208,-16.34025885694
0.8209,-16.3226225849633
0.821,-16.3049355631353
0.8211,-16.2871989347607
0.8212,-16.2694138326238
0.8213,-16.2515813789565
0.8214,-16.233702685411
0.8215,-16.2157788530349
0.8216,-16.1978109722523
0.8217,-16.1798001228476
0.8218,-16.1617473739527
0.8219,-16.1436537840395
0.822,-16.1255204009141
0.8221,-16.1073482617157
0.8222,-16.0891383929186
0.8223,-16.0708918103371
0.8224,-16.0526095191345
0.8225,-16.0342925138337
0.8226,-16.0159417783328
0.8227,-15.9975582859217
0.8228,-15.979142999303
0.8229,-15.9606968706143
0.823,-15.942220841455
0.8231,-15.9237158429132
0.8232,-15.9051827955977
0.8233,-15.8866226096703
0.8234,-15.8680361848817
0.8235,-15.8494244106088
0.8236,-15.8307881658949
0.8237,-15.8121283194917
0.8238,-15.7934457299027
0.8239,-15.7747412454296
0.824,-15.7560157042197
0.8241,-15.7372699343156
0.8242,-15.7185047537059
0.8243,-15.6997209703788
0.8244,-15.6809193823756
0.8245,-15.6621007778472
0.8246,-15.6432659351111
0.8247,-15.6244156227103
0.8248,-15.605550599473
0.8249,-15.5866716145738
0.825,-15.5677794075964
0.8251,-15.5488747085967
0.8252,-15.5299582381678
0.8253,-15.5110307075051
0.8254,-15.492092818473
0.8255,-15.4731452636726
0.8256,-15.4541887265092
0.8257,-15.4352238812623
0.8258,-15.4162513931544
0.8259,-15.3972719184223
0.826,-15.3782861043875
0.8261,-15.3592945895285
0.8262,-15.3402980035526
0.8263,-15.3212969674688
0.8264,-15.3022920936612
0.8265,-15.2832839859623
0.8266,-15.2642732397273
0.8267,-15.2452604419084
0.8268,-15.2262461711293
0.8269,-15.2072309977605
0.827,-15.1882154839941
0.8271,-15.1692001839192
0.8272,-15.1501856435978
0.8273,-15.1311724011402
0.8274,-15.1121609867805
0.8275,-15.0931519229531
0.8276,-15.0741457243679
0.8277,-15.0551428980867
0.8278,-15.0361439435985
0.8279,-15.0171493528961
0.828,-14.9981596105511
0.8281,-14.97917519379
0.8282,-14.9601965725697
0.8283,-14.9412242096527
0.8284,-14.9222585606826
0.8285,-14.9033000742591
0.8286,-14.8843491920125
0.8287,-14.8654063486791
0.8288,-14.8464719721746
0.8289,-14.8275464836692
0.829,-14.8086302976607
0.8291,-14.7897238220485
0.8292,-14.7708274582066
0.8293,-14.7519416010567
0.8294,-14.7330666391405
0.8295,-14.7142029546924
0.8296,-14.6953509237106
0.8297,-14.6765109160294
0.8298,-14.6576832953897
0.8299,-14.6388684195099
0.83,-14.6200666401559
0.8301,-14.6012783032113
0.8302,-14.5825037487468
0.8303,-14.5637433110884
0.8304,-14.5449973188868
0.8305,-14.526266095185
0.8306,-14.5075499574858
0.8307,-14.4888492178191
0.8308,-14.4701641828081
0.8309,-14.4514951537359
0.831,-14.4328424266106
0.8311,-14.4142062922309
0.8312,-14.39558703625
0.8313,-14.3769849392404
0.8314,-14.3584002767569
0.8315,-14.3398333194001
0.8316,-14.3212843328783
0.8317,-14.3027535780701
0.8318,-14.2842413110853
0.8319,-14.265747783326
0.832,-14.2472732415474
0.8321,-14.2288179279167
0.8322,-14.2103820800732
0.8323,-14.1919659311867
0.8324,-14.1735697100156
0.8325,-14.1551936409647
0.8326,-14.1368379441424
0.8327,-14.1185028354168
0.8328,-14.1001885264724
0.8329,-14.0818952248647
0.833,-14.0636231340759
0.8331,-14.0453724535689
0.8332,-14.027143378841
0.8333,-14.0089361014772
0.8334,-13.9907508092032
0.8335,-13.9725876859373
0.8336,-13.9544469118422
0.8337,-13.9363286633759
0.8338,-13.9182331133424
0.8339,-13.9001604309415
0.834,-13.8821107818188
0.8341,-13.8640843281139
0.8342,-13.8460812285094
0.8343,-13.8281016382786
0.8344,-13.8101457093326
0.8345,-13.7922135902675
0.8346,-13.7743054264106
0.8347,-13.7564213598659
0.8348,-13.7385615295599
0.8349,-13.7207260712857
0.835,-13.702915117748
0.8351,-13.6851287986059
0.8352,-13.6673672405171
0.8353,-13.64963056718
0.8354,-13.6319188993761
0.8355,-13.6142323550117
0.8356,-13.5965710491592
0.8357,-13.578935094098
0.8358,-13.5613245993543
0.8359,-13.5437396717413
0.836,-13.5261804153985
0.8361,-13.5086469318304
0.8362,-13.4911393199448
0.8363,-13.4736576760909
0.8364,-13.4562020940966
0.8365,-13.4387726653055
0.8366,-13.4213694786135
0.8367,-13.4039926205048
0.8368,-13.3866421750875
0.8369,-13.369318224129
0.837,-13.3520208470903
0.8371,-13.3347501211609
0.8372,-13.317506121292
0.8373,-13.3002889202308
0.8374,-13.2830985885526
0.8375,-13.2659351946941
0.8376,-13.2487988049853
0.8377,-13.2316894836813
0.8378,-13.2146072929939
0.8379,-13.1975522931222
0.838,-13.1805245422833
0.8381,-13.1635240967428
0.8382,-13.1465510108441
0.8383,-13.1296053370383
0.8384,-13.1126871259127
0.8385,-13.0957964262197
0.8386,-13.0789332849054
0.8387,-13.0620977471367
0.8388,-13.0452898563295
0.8389,-13.0285096541758
0.839,-13.01175718067
0.8391,-12.995032474136
0.8392,-12.9783355712528
0.8393,-12.9616665070807
0.8394,-12.945025315086
0.8395,-12.9284120271671
0.8396,-12.9118266736781
0.8397,-12.8952692834541
0.8398,-12.8787398838347
0.8399,-12.8622385006882
0.84,-12.8457651584346
0.8401,-12.8293198800689
0.8402,-12.8129026871838
0.8403,-12.7965135999926
0.8404,-12.7801526373506
0.8405,-12.7638198167777
0.8406,-12.7475151544796
0.8407,-12.7312386653691
0.8408,-12.7149903630873
0.8409,-12.698770260024
0.841,-12.6825783673383
0.8411,-12.6664146949787
0.8412,-12.650279251703
0.8413,-12.6341720450977
0.8414,-12.6180930815975
0.8415,-12.6020423665043
0.8416,-12.5860199040057
0.8417,-12.5700256971941
0.8418,-12.5540597480844
0.8419,-12.5381220576321
0.842,-12.5222126257514
0.8421,-12.5063314513322
0.8422,-12.4904785322576
0.8423,-12.4746538654211
0.8424,-12.4588574467431
0.8425,-12.4430892711872
0.8426,-12.4273493327773
0.8427,-12.4116376246127
0.8428,-12.3959541388846
0.8429,-12.3802988668916
0.843,-12.3646717990549
0.8431,-12.3490729249336
0.8432,-12.3335022332397
0.8433,-12.3179597118527
0.8434,-12.3024453478344
0.8435,-12.2869591274427
0.8436,-12.2715010361466
0.8437,-12.256071058639
0.8438,-12.2406691788517
0.8439,-12.2252953799675
0.844,-12.2099496444349
0.8441,-12.1946319539802
0.8442,-12.179342289621
0.8443,-12.1640806316788
0.8444,-12.1488469597916
0.8445,-12.1336412529263
0.8446,-12.1184634893908
0.8447,-12.1033136468462
0.8448,-12.0881917023185
0.8449,-12.0730976322106
0.845,-12.0580314123134
0.8451,-12.0429930178174
0.8452,-12.0279824233238
0.8453,-12.0129996028556
0.8454,-11.9980445298685
0.8455,-11.9831171772613
0.8456,-11.968217517387
0.8457,-11.9533455220625
0.8458,-11.9385011625794
0.8459,-11.9236844097138
0.846,-11.9088952337364
0.8461,-11.8941336044222
0.8462,-11.8793994910601
0.8463,-11.8646928624624
0.8464,-11.8500136869744
0.8465,-11.8353619324834
0.8466,-11.8207375664278
0.8467,-11.8061405558061
0.8468,-11.7915708671857
0.8469,-11.7770284667117
0.847,-11.7625133201153
0.8471,-11.7480253927222
0.8472,-11.7335646494613
0.8473,-11.7191310548724
0.8474,-11.7047245731144
0.8475,-11.6903451679735
0.8476,-11.6759928028705
0.8477,-11.6616674408691
0.8478,-11.6473690446832
0.8479,-11.6330975766842
0.848,-11.6188529989087
0.8481,-11.6046352730656
0.8482,-11.5904443605431
0.8483,-11.576280222416
0.8484,-11.5621428194524
0.8485,-11.5480321121207
0.8486,-11.5339480605963
0.8487,-11.519890624768
0.8488,-11.5058597642447
0.8489,-11.491855438362
0.849,-11.477877606188
0.8491,-11.4639262265301
0.8492,-11.4500012579407
0.8493,-11.4361026587235
0.8494,-11.4222303869393
0.8495,-11.4083844004118
0.8496,-11.3945646567337
0.8497,-11.3807711132719
0.8498,-11.3670037271734
0.8499,-11.3532624553707
0.85,-11.3395472545872
0.8501,-11.3258580813428
0.8502,-11.3121948919586
0.8503,-11.2985576425625
0.8504,-11.2849462890942
0.8505,-11.2713607873103
0.8506,-11.2578010927888
0.8507,-11.2442671609345
0.8508,-11.2307589469837
0.8509,-11.2172764060083
0.851,-11.2038194929213
0.8511,-11.1903881624808
0.8512,-11.1769823692946
0.8513,-11.1636020678247
0.8514,-11.1502472123916
0.8515,-11.1369177571786
0.8516,-11.1236136562359
0.8517,-11.110334863485
0.8518,-11.0970813327226
0.8519,-11.0838530176244
0.852,-11.0706498717497
0.8521,-11.0574718485445
0.8522,-11.0443189013459
0.8523,-11.0311909833857
0.8524,-11.0180880477941
0.8525,-11.0050100476032
0.8526,-10.9919569357509
0.8527,-10.978928665084
0.8528,-10.9659251883624
0.8529,-10.9529464582615
0.853,-10.9399924273766
0.8531,-10.9270630482255
0.8532,-10.9141582732519
0.8533,-10.901278054829
0.8534,-10.8884223452621
0.8535,-10.8755910967922
0.8536,-10.8627842615984
0.8537,-10.8500017918017
0.8538,-10.8372436394675
0.8539,-10.8245097566084
0.854,-10.8118000951874
0.8541,-10.7991146071204
0.8542,-10.7864532442792
0.8543,-10.773815958494
0.8544,-10.7612027015565
0.8545,-10.7486134252219
0.8546,-10.7360480812119
0.8547,-10.7235066212172
0.8548,-10.7109889969
0.8549,-10.6984951598963
0.855,-10.6860250618186
0.8551,-10.673578654258
0.8552,-10.6611558887866
0.8553,-10.6487567169599
0.8554,-10.6363810903193
0.8555,-10.6240289603935
0.8556,-10.6117002787016
0.8557,-10.5993949967549
0.8558,-10.5871130660587
0.8559,-10.5748544381149
0.856,-10.5626190644236
0.8561,-10.5504068964855
0.8562,-10.5382178858036
0.8563,-10.5260519838851
0.8564,-10.5139091422435
0.8565,-10.5017893124005
0.8566,-10.4896924458874
0.8567,-10.4776184942476
0.8568,-10.4655674090378
0.8569,-10.4535391418298
0.857,-10.4415336442127
0.8571,-10.4295508677939
0.8572,-10.4175907642013
0.8573,-10.4056532850847
0.8574,-10.3937383821174
0.8575,-10.3818460069976
0.8576,-10.3699761114503
0.8577,-10.3581286472285
0.8578,-10.3463035661151
0.8579,-10.3345008199237
0.858,-10.3227203605005
0.8581,-10.3109621397258
0.8582,-10.2992261095148
0.8583,-10.2875122218198
0.8584,-10.2758204286307
0.8585,-10.2641506819767
0.8586,-10.2525029339277
0.8587,-10.2408771365955
0.8588,-10.2292732421345
0.8589,-10.2176912027438
0.859,-10.2061309706677
0.8591,-10.1945924981972
0.8592,-10.183075737671
0.8593,-10.1715806414766
0.8594,-10.1601071620515
0.8595,-10.1486552518845
0.8596,-10.1372248635161
0.8597,-10.1258159495401
0.8598,-10.1144284626046
0.8599,-10.1030623554127
0.86,-10.0917175807237
0.8601,-10.0803940913539
0.8602,-10.0690918401777
0.8603,-10.0578107801286
0.8604,-10.0465508641997
0.8605,-10.035312045445
0.8606,-10.02409427698
0.8607,-10.0128975119829
0.8608,-10.0017217036949
0.8609,-9.99056680542159
0.861,-9.97943277053316
0.8611,-9.96831955246573
0.8612,-9.9572271047218
0.8613,-9.94615538087105
0.8614,-9.93510433455113
0.8615,-9.92407391946832
0.8616,-9.91306408939833
0.8617,-9.9020747981868
0.8618,-9.89110599975021
0.8619,-9.88015764807635
0.862,-9.86922969722502
0.8621,-9.85832210132872
0.8622,-9.84743481459323
0.8623,-9.83656779129812
0.8624,-9.8257209857975
0.8625,-9.81489435252048
0.8626,-9.80408784597176
0.8627,-9.79330142073219
0.8628,-9.7825350314593
0.8629,-9.77178863288787
0.863,-9.7610621798303
0.8631,-9.75035562717726
0.8632,-9.73966892989817
0.8633,-9.72900204304152
0.8634,-9.71835492173552
0.8635,-9.70772752118847
0.8636,-9.69711979668914
0.8637,-9.68653170360734
0.8638,-9.67596319739422
0.8639,-9.66541423358271
0.864,-9.65488476778797
0.8641,-9.6443747557077
0.8642,-9.63388415312259
0.8643,-9.62341291589658
0.8644,-9.61296099997735
0.8645,-9.6025283613966
0.8646,-9.59211495627033
0.8647,-9.5817207407993
0.8648,-9.57134567126924
0.8649,-9.56098970405119
0.865,-9.5506527956018
0.8651,-9.54033490246369
0.8652,-9.53003598126558
0.8653,-9.51975598872271
0.8654,-9.50949488163704
0.8655,-9.49925261689752
0.8656,-9.48902915148031
0.8657,-9.47882444244907
0.8658,-9.46863844695517
0.8659,-9.4584711222379
0.866,-9.4483224256247
0.8661,-9.43819231453139
0.8662,-9.42808074646232
0.8663,-9.41798767901064
0.8664,-9.40791306985842
0.8665,-9.39785687677684
0.8666,-9.38781905762641
0.8667,-9.37779957035711
0.8668,-9.36779837300848
0.8669,-9.35781542370992
0.867,-9.34785068068072
0.8671,-9.33790410223023
0.8672,-9.32797564675797
0.8673,-9.31806527275387
0.8674,-9.30817293879823
0.8675,-9.29829860356193
0.8676,-9.28844222580654
0.8677,-9.27860376438439
0.8678,-9.26878317823867
0.8679,-9.25898042640355
0.868,-9.24919546800428
0.8681,-9.23942826225715
0.8682,-9.22967876846977
0.8683,-9.21994694604093
0.8684,-9.21023275446084
0.8685,-9.20053615331105
0.8686,-9.19085710226458
0.8687,-9.18119556108599
0.8688,-9.17155148963136
0.8689,-9.16192484784833
0.869,-9.15231559577627
0.8691,-9.14272369354609
0.8692,-9.13314910138043
0.8693,-9.12359177959367
0.8694,-9.11405168859184
0.8695,-9.10452878887276
0.8696,-9.09502304102599
0.8697,-9.08553440573281
0.8698,-9.07606284376624
0.8699,-9.0666083159911
0.87,-9.05717078336391
0.8701,-9.04775020693288
0.8702,-9.03834654783801
0.8703,-9.02895976731096
0.8704,-9.01958982667498
0.8705,-9.0102366873451
0.8706,-9.00090031082785
0.8707,-8.99158065872138
0.8708,-8.98227769271538
0.8709,-8.97299137459104
0.871,-8.96372166622101
0.8711,-8.95446852956932
0.8712,-8.94523192669139
0.8713,-8.93601181973395
0.8714,-8.92680817093495
0.8715,-8.91762094262354
0.8716,-8.90845009722001
0.8717,-8.89929559723569
0.8718,-8.89015740527292
0.8719,-8.88103548402496
0.872,-8.8719297962759
0.8721,-8.86284030490061
0.8722,-8.85376697286466
0.8723,-8.84470976322422
0.8724,-8.83566863912598
0.8725,-8.82664356380707
0.8726,-8.81763450059498
0.8727,-8.80864141290743
0.8728,-8.79966426425232
0.8729,-8.79070301822762
0.873,-8.78175763852123
0.8731,-8.77282808891094
0.8732,-8.76391433326431
0.8733,-8.75501633553852
0.8734,-8.74613405978032
0.8735,-8.7372674701259
0.8736,-8.72841653080074
0.8737,-8.71958120611956
0.8738,-8.71076146048617
0.8739,-8.70195725839336
0.874,-8.69316856442273
0.8741,-8.68439534324468
0.8742,-8.67563755961818
0.8743,-8.66689517839067
0.8744,-8.658168164498
0.8745,-8.64945648296421
0.8746,-8.64076009890143
0.8747,-8.63207897750979
0.8748,-8.62341308407725
0.8749,-8.61476238397941
0.875,-8.6061268426795
0.8751,-8.59750642572813
0.8752,-8.58890109876322
0.8753,-8.58031082750981
0.8754,-8.57173557777995
0.8755,-8.56317531547253
0.8756,-8.55463000657314
0.8757,-8.54609961715399
0.8758,-8.53758411337363
0.8759,-8.52908346147692
0.876,-8.52059762779483
0.8761,-8.51212657874427
0.8762,-8.50367028082798
0.8763,-8.49522870063434
0.8764,-8.48680180483725
0.8765,-8.47838956019596
0.8766,-8.46999193355486
0.8767,-8.46160889184341
0.8768,-8.45324040207595
0.8769,-8.44488643135147
0.877,-8.43654694685358
0.8771,-8.42822191585023
0.8772,-8.41991130569358
0.8773,-8.41161508381989
0.8774,-8.4033332177493
0.8775,-8.39506567508565
0.8776,-8.38681242351637
0.8777,-8.37857343081228
0.8778,-8.37034866482742
0.8779,-8.36213809349885
0.878,-8.35394168484659
0.8781,-8.34575940697331
0.8782,-8.33759122806425
0.8783,-8.32943711638703
0.8784,-8.32129704029146
0.8785,-8.31317096820936
0.8786,-8.30505886865442
0.8787,-8.29696071022204
0.8788,-8.28887646158905
0.8789,-8.28080609151365
0.879,-8.27274956883522
0.8791,-8.26470686247405
0.8792,-8.25667794143128
0.8793,-8.24866277478864
0.8794,-8.24066133170832
0.8795,-8.23267358143275
0.8796,-8.22469949328446
0.8797,-8.2167390366659
0.8798,-8.20879218105921
0.8799,-8.20085889602609
0.88,-8.19293915120761
0.8801,-8.185032916324
0.8802,-8.17714016117452
0.8803,-8.16926085563723
0.8804,-8.16139496966883
0.8805,-8.15354247330447
0.8806,-8.14570333665757
0.8807,-8.13787752991964
0.8808,-8.13006502336012
0.8809,-8.12226578732613
0.881,-8.11447979224234
0.8811,-8.10670700861079
0.8812,-8.09894740701067
0.8813,-8.09120095809816
0.8814,-8.08346763260625
0.8815,-8.07574740134452
0.8816,-8.06804023519901
0.8817,-8.06034610513197
0.8818,-8.05266498218173
0.8819,-8.0449968374625
0.882,-8.03734164216418
0.8821,-8.02969936755212
0.8822,-8.02206998496706
0.8823,-8.01445346582482
0.8824,-8.00684978161618
0.8825,-7.99925890390666
0.8826,-7.9916808043364
0.8827,-7.98411545461985
0.8828,-7.97656282654574
0.8829,-7.96902289197677
0.883,-7.96149562284942
0.8831,-7.95398099117391
0.8832,-7.94647896903383
0.8833,-7.93898952858608
0.8834,-7.93151264206063
0.8835,-7.92404828176032
0.8836,-7.91659642006074
0.8837,-7.90915702940997
0.8838,-7.90173008232843
0.8839,-7.89431555140869
0.884,-7.88691340931529
0.8841,-7.87952362878453
0.8842,-7.87214618262431
0.8843,-7.86478104371394
0.8844,-7.85742818500392
0.8845,-7.85008757951582
0.8846,-7.84275920034204
0.8847,-7.83544302064562
0.8848,-7.82813901366011
0.8849,-7.82084715268933
0.885,-7.8135674111072
0.8851,-7.80629976235757
0.8852,-7.79904417995403
0.8853,-7.7918006374797
0.8854,-7.78456910858707
0.8855,-7.77734956699784
0.8856,-7.77014198650266
0.8857,-7.76294634096102
0.8858,-7.75576260430103
0.8859,-7.74859075051925
0.886,-7.74143075368048
0.8861,-7.73428258791763
0.8862,-7.72714622743149
0.8863,-7.72002164649053
0.8864,-7.71290881943079
0.8865,-7.70580772065564
0.8866,-7.69871832463561
0.8867,-7.6916406059082
0.8868,-7.68457453907775
0.8869,-7.67752009881514
0.887,-7.67047725985776
0.8871,-7.66344599700923
0.8872,-7.65642628513924
0.8873,-7.64941809918335
0.8874,-7.64242141414287
0.8875,-7.63543620508462
0.8876,-7.62846244714076
0.8877,-7.62150011550866
0.8878,-7.61454918545065
0.8879,-7.60760963229387
0.888,-7.60068143143013
0.8881,-7.59376455831565
0.8882,-7.58685898847096
0.8883,-7.57996469748067
0.8884,-7.57308166099333
0.8885,-7.56620985472121
0.8886,-7.55934925444018
0.8887,-7.55249983598945
0.8888,-7.54566157527151
0.8889,-7.53883444825181
0.889,-7.53201843095873
0.8891,-7.52521349948331
0.8892,-7.51841962997907
0.8893,-7.51163679866191
0.8894,-7.50486498180987
0.8895,-7.49810415576299
0.8896,-7.49135429692308
0.8897,-7.48461538175365
0.8898,-7.47788738677963
0.8899,-7.47117028858726
0.89,-7.46446406382388
0.8901,-7.45776868919783
0.8902,-7.45108414147814
0.8903,-7.44441039749452
0.8904,-7.43774743413709
0.8905,-7.43109522835619
0.8906,-7.42445375716231
0.8907,-7.41782299762583
0.8908,-7.41120292687688
0.8909,-7.40459352210516
0.891,-7.39799476055983
0.8911,-7.39140661954922
0.8912,-7.38482907644079
0.8913,-7.37826210866088
0.8914,-7.37170569369459
0.8915,-7.36515980908557
0.8916,-7.35862443243587
0.8917,-7.3520995414058
0.8918,-7.34558511371371
0.8919,-7.33908112713589
0.892,-7.33258755950634
0.8921,-7.32610438871665
0.8922,-7.3196315927158
0.8923,-7.31316914951006
0.8924,-7.30671703716271
0.8925,-7.30027523379401
0.8926,-7.29384371758094
0.8927,-7.2874224667571
0.8928,-7.28101145961247
0.8929,-7.27461067449333
0.893,-7.26822008980208
0.8931,-7.26183968399702
0.8932,-7.25546943559226
0.8933,-7.24910932315754
0.8934,-7.24275932531801
0.8935,-7.23641942075419
0.8936,-7.23008958820171
0.8937,-7.22376980645115
0.8938,-7.21746005434797
0.8939,-7.21116031079227
0.894,-7.20487055473866
0.8941,-7.19859076519609
0.8942,-7.19232092122772
0.8943,-7.18606100195075
0.8944,-7.17981098653622
0.8945,-7.17357085420896
0.8946,-7.16734058424732
0.8947,-7.16112015598307
0.8948,-7.15490954880125
0.8949,-7.14870874214001
0.895,-7.14251771549043
0.8951,-7.13633644839642
0.8952,-7.13016492045449
0.8953,-7.12400311131368
0.8954,-7.11785100067535
0.8955,-7.11170856829306
0.8956,-7.1055757939724
0.8957,-7.09945265757081
0.8958,-7.09333913899754
0.8959,-7.08723521821335
0.896,-7.08114087523048
0.8961,-7.07505609011243
0.8962,-7.06898084297385
0.8963,-7.06291511398035
0.8964,-7.05685888334841
0.8965,-7.0508121313452
0.8966,-7.0447748382884
0.8967,-7.0387469845461
0.8968,-7.03272855053666
0.8969,-7.02671951672852
0.897,-7.02071986364007
0.8971,-7.01472957183954
0.8972,-7.00874862194479
0.8973,-7.00277699462324
0.8974,-6.99681467059164
0.8975,-6.99086163061602
0.8976,-6.98491785551147
0.8977,-6.97898332614202
0.8978,-6.97305802342055
0.8979,-6.96714192830853
0.898,-6.96123502181599
0.8981,-6.95533728500136
0.8982,-6.94944869897127
0.8983,-6.94356924488045
0.8984,-6.93769890393159
0.8985,-6.9318376573752
0.8986,-6.92598548650946
0.8987,-6.92014237268009
0.8988,-6.91430829728021
0.8989,-6.90848324175019
0.899,-6.90266718757753
0.8991,-6.89686011629671
0.8992,-6.89106200948907
0.8993,-6.88527284878263
0.8994,-6.879492615852
0.8995,-6.87372129241826
0.8996,-6.86795886024873
0.8997,-6.86220530115694
0.8998,-6.85646059700244
0.8999,-6.85072472969068
0.9,-6.84499768117286
0.9001,-6.83927943344585
0.9002,-6.83356996855195
0.9003,-6.82786926857889
0.9004,-6.82217731565959
0.9005,-6.81649409197209
0.9006,-6.81081957973937
0.9007,-6.80515376122929
0.9008,-6.79949661875439
0.9009,-6.79384813467176
0.901,-6.788208291383
0.9011,-6.78257707133395
0.9012,-6.77695445701469
0.9013,-6.77134043095933
0.9014,-6.76573497574592
0.9015,-6.7601380739963
0.9016,-6.75454970837598
0.9017,-6.74896986159405
0.9018,-6.74339851640294
0.9019,-6.73783565559846
0.902,-6.73228126201953
0.9021,-6.72673531854811
0.9022,-6.7211978081091
0.9023,-6.71566871367015
0.9024,-6.71014801824161
0.9025,-6.70463570487635
0.9026,-6.69913175666965
0.9027,-6.69363615675909
0.9028,-6.68814888832441
0.9029,-6.68266993458739
0.903,-6.67719927881176
0.9031,-6.671736904303
0.9032,-6.66628279440831
0.9033,-6.66083693251644
0.9034,-6.65539930205755
0.9035,-6.64996988650314
0.9036,-6.64454866936589
0.9037,-6.63913563419956
0.9038,-6.63373076459886
0.9039,-6.62833404419934
0.904,-6.62294545667726
0.9041,-6.61756498574948
0.9042,-6.61219261517334
0.9043,-6.60682832874656
0.9044,-6.60147211030705
0.9045,-6.59612394373291
0.9046,-6.59078381294223
0.9047,-6.58545170189295
0.9048,-6.58012759458286
0.9049,-6.57481147504935
0.905,-6.56950332736942
0.9051,-6.56420313565942
0.9052,-6.5589108840751
0.9053,-6.55362655681136
0.9054,-6.54835013810221
0.9055,-6.54308161222063
0.9056,-6.53782096347846
0.9057,-6.5325681762263
0.9058,-6.52732323485337
0.9059,-6.52208612378745
0.906,-6.51685682749468
0.9061,-6.51163533047955
0.9062,-6.50642161728471
0.9063,-6.50121567249092
0.9064,-6.49601748071687
0.9065,-6.49082702661915
0.9066,-6.48564429489208
0.9067,-6.4804692702676
0.9068,-6.47530193751523
0.9069,-6.47014228144188
0.907,-6.46499028689177
0.9071,-6.45984593874634
0.9072,-6.45470922192414
0.9073,-6.44958012138068
0.9074,-6.44445862210839
0.9075,-6.43934470913644
0.9076,-6.43423836753071
0.9077,-6.42913958239361
0.9078,-6.42404833886403
0.9079,-6.41896462211723
0.908,-6.41388841736467
0.9081,-6.40881970985401
0.9082,-6.40375848486892
0.9083,-6.398704727729
0.9084,-6.39365842378971
0.9085,-6.38861955844222
0.9086,-6.38358811711332
0.9087,-6.37856408526535
0.9088,-6.37354744839605
0.9089,-6.36853819203848
0.909,-6.36353630176092
0.9091,-6.35854176316677
0.9092,-6.35355456189446
0.9093,-6.34857468361729
0.9094,-6.34360211404341
0.9095,-6.33863683891569
0.9096,-6.33367884401156
0.9097,-6.32872811514304
0.9098,-6.32378463815652
0.9099,-6.31884839893268
0.91,-6.31391938338648
0.9101,-6.30899757746696
0.9102,-6.30408296715719
0.9103,-6.29917553847417
0.9104,-6.2942752774687
0.9105,-6.28938217022536
0.9106,-6.2844962028623
0.9107,-6.27961736153124
0.9108,-6.27474563241736
0.9109,-6.26988100173914
0.911,-6.26502345574834
0.9111,-6.26017298072986
0.9112,-6.25532956300165
0.9113,-6.25049318891464
0.9114,-6.24566384485264
0.9115,-6.2408415172322
0.9116,-6.23602619250258
0.9117,-6.23121785714561
0.9118,-6.22641649767565
0.9119,-6.2216221006394
0.912,-6.21683465261594
0.9121,-6.21205414021652
0.9122,-6.20728055008454
0.9123,-6.20251386889542
0.9124,-6.19775408335653
0.9125,-6.19300118020707
0.9126,-6.18825514621805
0.9127,-6.18351596819211
0.9128,-6.17878363296348
0.9129,-6.17405812739788
0.913,-6.16933943839243
0.9131,-6.16462755287557
0.9132,-6.15992245780695
0.9133,-6.15522414017736
0.9134,-6.15053258700864
0.9135,-6.14584778535358
0.9136,-6.14116972229583
0.9137,-6.13649838494986
0.9138,-6.13183376046077
0.9139,-6.12717583600432
0.914,-6.12252459878678
0.9141,-6.11788003604483
0.9142,-6.11324213504551
0.9143,-6.10861088308615
0.9144,-6.10398626749421
0.9145,-6.09936827562726
0.9146,-6.09475689487288
0.9147,-6.09015211264856
0.9148,-6.08555391640164
0.9149,-6.08096229360919
0.915,-6.07637723177796
0.9151,-6.07179871844429
0.9152,-6.067226741174
0.9153,-6.06266128756235
0.9154,-6.0581023452339
0.9155,-6.05354990184249
0.9156,-6.04900394507113
0.9157,-6.04446446263189
0.9158,-6.03993144226587
0.9159,-6.03540487174306
0.916,-6.03088473886234
0.9161,-6.02637103145129
0.9162,-6.02186373736621
0.9163,-6.017362844492
0.9164,-6.01286834074205
0.9165,-6.0083802140582
0.9166,-6.00389845241066
0.9167,-5.99942304379789
0.9168,-5.99495397624657
0.9169,-5.9904912378115
0.917,-5.98603481657551
0.9171,-5.98158470064938
0.9172,-5.97714087817181
0.9173,-5.97270333730928
0.9174,-5.96827206625599
0.9175,-5.9638470532338
0.9176,-5.95942828649215
0.9177,-5.95501575430796
0.9178,-5.95060944498558
0.9179,-5.9462093468567
0.918,-5.94181544828025
0.9181,-5.93742773764239
0.9182,-5.93304620335637
0.9183,-5.92867083386247
0.9184,-5.92430161762795
0.9185,-5.91993854314694
0.9186,-5.9155815989404
0.9187,-5.911230773556
0.9188,-5.9068860555681
0.9189,-5.90254743357764
0.919,-5.89821489621205
0.9191,-5.89388843212524
0.9192,-5.88956802999745
0.9193,-5.88525367853524
0.9194,-5.88094536647137
0.9195,-5.87664308256477
0.9196,-5.87234681560043
0.9197,-5.86805655438932
0.9198,-5.8637722877684
0.9199,-5.85949400460042
0.92,-5.85522169377397
0.9201,-5.85095534420333
0.9202,-5.84669494482842
0.9203,-5.84244048461473
0.9204,-5.83819195255328
0.9205,-5.8339493376605
0.9206,-5.82971262897817
0.9207,-5.82548181557338
0.9208,-5.82125688653844
0.9209,-5.8170378309908
0.921,-5.81282463807301
0.9211,-5.8086172969526
0.9212,-5.80441579682208
0.9213,-5.80022012689881
0.9214,-5.79603027642496
0.9215,-5.79184623466745
0.9216,-5.78766799091786
0.9217,-5.78349553449236
0.9218,-5.77932885473169
0.9219,-5.775167941001
0.922,-5.7710127826899
0.9221,-5.76686336921229
0.9222,-5.76271969000634
0.9223,-5.75858173453444
0.9224,-5.75444949228309
0.9225,-5.75032295276286
0.9226,-5.74620210550832
0.9227,-5.742086940078
0.9228,-5.73797744605425
0.9229,-5.73387361304325
0.923,-5.72977543067492
0.9231,-5.72568288860285
0.9232,-5.72159597650422
0.9233,-5.71751468407977
0.9234,-5.71343900105373
0.9235,-5.70936891717372
0.9236,-5.70530442221072
0.9237,-5.70124550595899
0.9238,-5.69719215823604
0.9239,-5.6931443688825
0.924,-5.68910212776212
0.9241,-5.68506542476169
0.9242,-5.68103424979095
0.9243,-5.67700859278254
0.9244,-5.67298844369201
0.9245,-5.66897379249761
0.9246,-5.66496462920036
0.9247,-5.66096094382393
0.9248,-5.65696272641458
0.9249,-5.65296996704112
0.925,-5.64898265579483
0.9251,-5.64500078278939
0.9252,-5.64102433816085
0.9253,-5.63705331206756
0.9254,-5.63308769469008
0.9255,-5.62912747623116
0.9256,-5.62517264691565
0.9257,-5.62122319699046
0.9258,-5.61727911672449
0.9259,-5.61334039640856
0.926,-5.6094070263554
0.9261,-5.60547899689952
0.9262,-5.60155629839718
0.9263,-5.59763892122638
0.9264,-5.59372685578671
0.9265,-5.58982009249936
0.9266,-5.58591862180706
0.9267,-5.58202243417397
0.9268,-5.57813152008566
0.9269,-5.57424587004907
0.927,-5.57036547459243
0.9271,-5.56649032426518
0.9272,-5.56262040963793
0.9273,-5.55875572130245
0.9274,-5.55489624987154
0.9275,-5.551041985979
0.9276,-5.54719292027961
0.9277,-5.54334904344901
0.9278,-5.53951034618369
0.9279,-5.53567681920094
0.928,-5.53184845323874
0.9281,-5.52802523905576
0.9282,-5.52420716743127
0.9283,-5.52039422916513
0.9284,-5.51658641507766
0.9285,-5.51278371600966
0.9286,-5.50898612282231
0.9287,-5.50519362639713
0.9288,-5.50140621763594
0.9289,-5.49762388746078
0.929,-5.49384662681386
0.9291,-5.49007442665752
0.9292,-5.48630727797416
0.9293,-5.48254517176623
0.9294,-5.47878809905609
0.9295,-5.47503605088606
0.9296,-5.47128901831827
0.9297,-5.4675469924347
0.9298,-5.46380996433703
0.9299,-5.46007792514668
0.93,-5.4563508660047
0.9301,-5.45262877807173
0.9302,-5.44891165252795
0.9303,-5.44519948057305
0.9304,-5.44149225342612
0.9305,-5.43778996232567
0.9306,-5.43409259852953
0.9307,-5.43040015331482
0.9308,-5.42671261797787
0.9309,-5.42302998383424
0.931,-5.41935224221857
0.9311,-5.4156793844846
0.9312,-5.4120114020051
0.9313,-5.40834828617183
0.9314,-5.40469002839545
0.9315,-5.40103662010554
0.9316,-5.39738805275046
0.9317,-5.39374431779739
0.9318,-5.39010540673222
0.9319,-5.38647131105952
0.932,-5.38284202230251
0.9321,-5.37921753200295
0.9322,-5.3755978317212
0.9323,-5.37198291303605
0.9324,-5.36837276754472
0.9325,-5.36476738686287
0.9326,-5.36116676262445
0.9327,-5.35757088648171
0.9328,-5.35397975010518
0.9329,-5.35039334518352
0.933,-5.3468116634236
0.9331,-5.34323469655034
0.9332,-5.33966243630675
0.9333,-5.33609487445381
0.9334,-5.33253200277048
0.9335,-5.32897381305364
0.9336,-5.325420297118
0.9337,-5.32187144679611
0.9338,-5.31832725393829
0.9339,-5.31478771041257
0.934,-5.31125280810466
0.9341,-5.30772253891792
0.9342,-5.30419689477328
0.9343,-5.30067586760921
0.9344,-5.29715944938166
0.9345,-5.29364763206406
0.9346,-5.2901404076472
0.9347,-5.28663776813927
0.9348,-5.28313970556576
0.9349,-5.27964621196939
0.935,-5.27615727941015
0.9351,-5.27267289996518
0.9352,-5.26919306572876
0.9353,-5.26571776881225
0.9354,-5.26224700134408
0.9355,-5.25878075546964
0.9356,-5.2553190233513
0.9357,-5.25186179716834
0.9358,-5.24840906911689
0.9359,-5.24496083140992
0.936,-5.24151707627718
0.9361,-5.23807779596515
0.9362,-5.23464298273699
0.9363,-5.23121262887254
0.9364,-5.22778672666823
0.9365,-5.22436526843704
0.9366,-5.2209482465085
0.9367,-5.21753565322859
0.9368,-5.21412748095975
0.9369,-5.2107237220808
0.937,-5.20732436898691
0.9371,-5.20392941408956
0.9372,-5.2005388498165
0.9373,-5.19715266861172
0.9374,-5.19377086293534
0.9375,-5.19039342526369
0.9376,-5.18702034808916
0.9377,-5.18365162392021
0.9378,-5.1802872452813
0.9379,-5.1769272047129
0.938,-5.17357149477138
0.9381,-5.17022010802902
0.9382,-5.16687303707395
0.9383,-5.16353027451013
0.9384,-5.16019181295726
0.9385,-5.1568576450508
0.9386,-5.15352776344189
0.9387,-5.15020216079731
0.9388,-5.14688082979947
0.9389,-5.14356376314634
0.939,-5.14025095355144
0.9391,-5.13694239374375
0.9392,-5.13363807646772
0.9393,-5.13033799448322
0.9394,-5.12704214056549
0.9395,-5.12375050750507
0.9396,-5.12046308810785
0.9397,-5.11717987519495
0.9398,-5.11390086160268
0.9399,-5.11062604018259
0.94,-5.10735540380131
0.9401,-5.10408894534061
0.9402,-5.10082665769729
0.9403,-5.09756853378322
0.9404,-5.0943145665252
0.9405,-5.09106474886502
0.9406,-5.08781907375938
0.9407,-5.08457753417981
0.9408,-5.08134012311272
0.9409,-5.07810683355931
0.941,-5.07487765853551
0.9411,-5.07165259107201
0.9412,-5.06843162421416
0.9413,-5.06521475102196
0.9414,-5.06200196457003
0.9415,-5.05879325794755
0.9416,-5.05558862425826
0.9417,-5.05238805662038
0.9418,-5.04919154816658
0.9419,-5.045999092044
0.942,-5.04281068141413
0.9421,-5.03962630945283
0.9422,-5.03644596935029
0.9423,-5.03326965431095
0.9424,-5.03009735755352
0.9425,-5.02692907231093
0.9426,-5.02376479183024
0.9427,-5.02060450937269
0.9428,-5.01744821821362
0.9429,-5.01429591164241
0.943,-5.01114758296249
0.9431,-5.0080032254913
0.9432,-5.00486283256021
0.9433,-5.00172639751454
0.9434,-4.9985939137135
0.9435,-4.99546537453014
0.9436,-4.99234077335135
0.9437,-4.98922010357781
0.9438,-4.98610335862393
0.9439,-4.98299053191785
0.944,-4.97988161690141
0.9441,-4.97677660703007
0.9442,-4.97367549577293
0.9443,-4.97057827661267
0.9444,-4.9674849430455
0.9445,-4.96439548858116
0.9446,-4.96130990674286
0.9447,-4.95822819106727
0.9448,-4.95515033510446
0.9449,-4.95207633241789
0.945,-4.94900617658434
0.9451,-4.94593986119394
0.9452,-4.94287737985009
0.9453,-4.93981872616941
0.9454,-4.93676389378176
0.9455,-4.93371287633018
0.9456,-4.93066566747085
0.9457,-4.92762226087306
0.9458,-4.92458265021921
0.9459,-4.92154682920471
0.946,-4.91851479153802
0.9461,-4.91548653094057
0.9462,-4.91246204114676
0.9463,-4.90944131590389
0.9464,-4.90642434897216
0.9465,-4.90341113412463
0.9466,-4.90040166514718
0.9467,-4.89739593583849
0.9468,-4.89439394001
0.9469,-4.89139567148587
0.947,-4.88840112410298
0.9471,-4.88541029171086
0.9472,-4.8824231681717
0.9473,-4.87943974736026
0.9474,-4.8764600231639
0.9475,-4.87348398948252
0.9476,-4.87051164022853
0.9477,-4.86754296932682
0.9478,-4.86457797071473
0.9479,-4.86161663834203
0.948,-4.85865896617087
0.9481,-4.85570494817576
0.9482,-4.85275457834353
0.9483,-4.84980785067333
0.9484,-4.84686475917658
0.9485,-4.84392529787691
0.9486,-4.84098946081017
0.9487,-4.83805724202441
0.9488,-4.83512863557978
0.9489,-4.83220363554862
0.949,-4.82928223601529
0.9491,-4.82636443107625
0.9492,-4.82345021483997
0.9493,-4.82053958142694
0.9494,-4.81763252496959
0.9495,-4.81472903961232
0.9496,-4.81182911951144
0.9497,-4.80893275883513
0.9498,-4.80603995176343
0.9499,-4.80315069248821
0.95,-4.80026497521314
0.9501,-4.79738279415364
0.9502,-4.79450414353688
0.9503,-4.79162901760175
0.9504,-4.78875741059881
0.9505,-4.78588931679027
0.9506,-4.78302473044999
0.9507,-4.78016364586339
0.9508,-4.77730605732748
0.9509,-4.77445195915083
0.951,-4.77160134565348
0.9511,-4.76875421116698
0.9512,-4.76591055003433
0.9513,-4.76307035660998
0.9514,-4.76023362525974
0.9515,-4.75740035036084
0.9516,-4.75457052630181
0.9517,-4.75174414748253
0.9518,-4.74892120831417
0.9519,-4.74610170321916
0.952,-4.74328562663115
0.9521,-4.74047297299502
0.9522,-4.73766373676683
0.9523,-4.73485791241377
0.9524,-4.7320554944142
0.9525,-4.72925647725756
0.9526,-4.72646085544436
0.9527,-4.72366862348616
0.9528,-4.72087977590555
0.9529,-4.7180943072361
0.953,-4.71531221202237
0.9531,-4.71253348481985
0.9532,-4.70975812019493
0.9533,-4.70698611272492
0.9534,-4.70421745699797
0.9535,-4.70145214761309
0.9536,-4.69869017918006
0.9537,-4.69593154631949
0.9538,-4.69317624366272
0.9539,-4.69042426585184
0.954,-4.68767560753963
0.9541,-4.68493026338958
0.9542,-4.6821882280758
0.9543,-4.67944949628306
0.9544,-4.67671406270673
0.9545,-4.67398192205274
0.9546,-4.67125306903759
0.9547,-4.66852749838831
0.9548,-4.66580520484245
0.9549,-4.663086183148
0.955,-4.66037042806343
0.9551,-4.65765793435763
0.9552,-4.65494869680992
0.9553,-4.65224271020995
0.9554,-4.64953996935776
0.9555,-4.64684046906372
0.9556,-4.64414420414849
0.9557,-4.64145116944302
0.9558,-4.63876135978851
0.9559,-4.63607477003639
0.956,-4.63339139504831
0.9561,-4.63071122969611
0.9562,-4.62803426886174
0.9563,-4.62536050743735
0.9564,-4.62268994032516
0.9565,-4.62002256243748
0.9566,-4.61735836869669
0.9567,-4.61469735403521
0.9568,-4.61203951339548
0.9569,-4.60938484172992
0.957,-4.60673333400092
0.9571,-4.60408498518081
0.9572,-4.60143979025186
0.9573,-4.59879774420621
0.9574,-4.5961588420459
0.9575,-4.59352307878279
0.9576,-4.59089044943859
0.9577,-4.58826094904482
0.9578,-4.58563457264275
0.9579,-4.58301131528344
0.958,-4.58039117202765
0.9581,-4.5777741379459
0.9582,-4.57516020811834
0.9583,-4.57254937763483
0.9584,-4.56994164159487
0.9585,-4.56733699510754
0.9586,-4.56473543329157
0.9587,-4.56213695127523
0.9588,-4.55954154419634
0.9589,-4.55694920720229
0.959,-4.55435993544994
0.9591,-4.55177372410564
0.9592,-4.54919056834521
0.9593,-4.54661046335392
0.9594,-4.54403340432644
0.9595,-4.54145938646684
0.9596,-4.53888840498857
0.9597,-4.53632045511444
0.9598,-4.53375553207658
0.9599,-4.53119363111642
0.96,-4.5286347474847
0.9601,-4.52607887644141
0.9602,-4.52352601325578
0.9603,-4.52097615320628
0.9604,-4.51842929158055
0.9605,-4.51588542367544
0.9606,-4.51334454479695
0.9607,-4.51080665026019
0.9608,-4.50827173538943
0.9609,-4.50573979551798
0.961,-4.50321082598828
0.9611,-4.50068482215177
0.9612,-4.49816177936896
0.9613,-4.49564169300933
0.9614,-4.49312455845139
0.9615,-4.49061037108257
0.9616,-4.48809912629931
0.9617,-4.4855908195069
0.9618,-4.48308544611958
0.9619,-4.48058300156048
0.962,-4.47808348126157
0.9621,-4.47558688066367
0.9622,-4.47309319521643
0.9623,-4.4706024203783
0.9624,-4.46811455161649
0.9625,-4.465629584407
0.9626,-4.46314751423457
0.9627,-4.46066833659262
0.9628,-4.45819204698332
0.9629,-4.4557186409175
0.963,-4.45324811391465
0.9631,-4.45078046150288
0.9632,-4.44831567921897
0.9633,-4.44585376260825
0.9634,-4.44339470722465
0.9635,-4.44093850863067
0.9636,-4.43848516239734
0.9637,-4.4360346641042
0.9638,-4.43358700933932
0.9639,-4.43114219369922
0.964,-4.42870021278892
0.9641,-4.42626106222183
0.9642,-4.42382473761984
0.9643,-4.4213912346132
0.9644,-4.41896054884057
0.9645,-4.41653267594897
0.9646,-4.41410761159375
0.9647,-4.41168535143862
0.9648,-4.40926589115556
0.9649,-4.40684922642487
0.965,-4.40443535293509
0.9651,-4.40202426638304
0.9652,-4.39961596247376
0.9653,-4.39721043692049
0.9654,-4.39480768544469
0.9655,-4.39240770377597
0.9656,-4.3900104876521
0.9657,-4.38761603281901
0.9658,-4.38522433503074
0.9659,-4.3828353900494
0.966,-4.38044919364523
0.9661,-4.3780657415965
0.9662,-4.37568502968954
0.9663,-4.3733070537187
0.9664,-4.37093180948635
0.9665,-4.36855929280284
0.9666,-4.36618949948648
0.9667,-4.36382242536357
0.9668,-4.36145806626831
0.9669,-4.35909641804283
0.967,-4.35673747653717
0.9671,-4.35438123760924
0.9672,-4.35202769712482
0.9673,-4.34967685095753
0.9674,-4.34732869498882
0.9675,-4.34498322510795
0.9676,-4.34264043721197
0.9677,-4.34030032720572
0.9678,-4.33796289100177
0.9679,-4.33562812452046
0.968,-4.33329602368984
0.9681,-4.33096658444564
0.9682,-4.32863980273132
0.9683,-4.32631567449798
0.9684,-4.32399419570438
0.9685,-4.32167536231691
0.9686,-4.3193591703096
0.9687,-4.31704561566404
0.9688,-4.31473469436945
0.9689,-4.31242640242257
0.969,-4.31012073582773
0.9691,-4.30781769059677
0.9692,-4.30551726274905
0.9693,-4.30321944831141
0.9694,-4.30092424331821
0.9695,-4.29863164381124
0.9696,-4.29634164583975
0.9697,-4.29405424546042
0.9698,-4.29176943873735
0.9699,-4.28948722174201
0.97,-4.2872075905533
0.9701,-4.28493054125744
0.9702,-4.282656069948
0.9703,-4.28038417272591
0.9704,-4.2781148456994
0.9705,-4.27584808498398
0.9706,-4.27358388670247
0.9707,-4.27132224698493
0.9708,-4.26906316196869
0.9709,-4.2668066277983
0.971,-4.26455264062553
0.9711,-4.26230119660935
0.9712,-4.26005229191591
0.9713,-4.25780592271854
0.9714,-4.2555620851977
0.9715,-4.25332077554101
0.9716,-4.25108198994319
0.9717,-4.24884572460609
0.9718,-4.24661197573861
0.9719,-4.24438073955676
0.972,-4.24215201228359
0.9721,-4.23992579014918
0.9722,-4.23770206939066
0.9723,-4.23548084625214
0.9724,-4.23326211698474
0.9725,-4.23104587784657
0.9726,-4.22883212510268
0.9727,-4.22662085502508
0.9728,-4.22441206389271
0.9729,-4.22220574799142
0.973,-4.22000190361397
0.9731,-4.21780052705999
0.9732,-4.215601614636
0.9733,-4.21340516265536
0.9734,-4.21121116743829
0.9735,-4.20901962531179
0.9736,-4.20683053260973
0.9737,-4.20464388567272
0.9738,-4.20245968084818
0.9739,-4.20027791449029
0.974,-4.19809858295997
0.9741,-4.19592168262488
0.9742,-4.19374720985939
0.9743,-4.19157516104459
0.9744,-4.18940553256826
0.9745,-4.18723832082482
0.9746,-4.18507352221541
0.9747,-4.18291113314775
0.9748,-4.18075115003624
0.9749,-4.17859356930187
0.975,-4.17643838737224
0.9751,-4.17428560068154
0.9752,-4.17213520567052
0.9753,-4.16998719878649
0.9754,-4.16784157648332
0.9755,-4.16569833522139
0.9756,-4.16355747146761
0.9757,-4.16141898169536
0.9758,-4.15928286238454
0.9759,-4.15714911002151
0.976,-4.15501772109908
0.9761,-4.1528886921165
0.9762,-4.15076201957947
0.9763,-4.14863770000008
0.9764,-4.14651572989684
0.9765,-4.14439610579463
0.9766,-4.14227882422471
0.9767,-4.14016388172471
0.9768,-4.13805127483858
0.9769,-4.13594100011661
0.977,-4.13383305411543
0.9771,-4.13172743339793
0.9772,-4.12962413453333
0.9773,-4.12752315409709
0.9774,-4.12542448867097
0.9775,-4.12332813484294
0.9776,-4.12123408920722
0.9777,-4.11914234836426
0.9778,-4.11705290892072
0.9779,-4.11496576748941
0.978,-4.11288092068937
0.9781,-4.11079836514579
0.9782,-4.10871809749
0.9783,-4.10664011435949
0.9784,-4.10456441239786
0.9785,-4.10249098825483
0.9786,-4.10041983858622
0.9787,-4.09835096005393
0.9788,-4.09628434932594
0.9789,-4.09422000307629
0.979,-4.09215791798505
0.9791,-4.09009809073835
0.9792,-4.08804051802833
0.9793,-4.08598519655311
0.9794,-4.08393212301685
0.9795,-4.08188129412966
0.9796,-4.07983270660763
0.9797,-4.07778635717279
0.9798,-4.07574224255313
0.9799,-4.07370035948258
0.98,-4.07166070470094
0.9801,-4.06962327495396
0.9802,-4.06758806699326
0.9803,-4.06555507757634
0.9804,-4.06352430346656
0.9805,-4.06149574143316
0.9806,-4.05946938825118
0.9807,-4.05744524070152
0.9808,-4.05542329557086
0.9809,-4.05340354965172
0.981,-4.0513859997424
0.9811,-4.04937064264695
0.9812,-4.04735747517521
0.9813,-4.04534649414278
0.9814,-4.04333769637097
0.9815,-4.04133107868685
0.9816,-4.03932663792317
0.9817,-4.03732437091841
0.9818,-4.03532427451673
0.9819,-4.03332634556798
0.982,-4.03133058092766
0.9821,-4.02933697745692
0.9822,-4.02734553202257
0.9823,-4.02535624149704
0.9824,-4.02336910275838
0.9825,-4.02138411269024
0.9826,-4.01940126818187
0.9827,-4.0174205661281
0.9828,-4.01544200342931
0.9829,-4.01346557699148
0.983,-4.01149128372609
0.9831,-4.00951912055018
0.9832,-4.00754908438631
0.9833,-4.00558117216253
0.9834,-4.00361538081243
0.9835,-4.00165170727502
0.9836,-3.99969014849486
0.9837,-3.99773070142192
0.9838,-3.99577336301164
0.9839,-3.99381813022489
0.984,-3.99186500002798
0.9841,-3.98991396939263
0.9842,-3.98796503529596
0.9843,-3.98601819472051
0.9844,-3.98407344465415
0.9845,-3.98213078209018
0.9846,-3.9801902040272
0.9847,-3.9782517074692
0.9848,-3.9763152894255
0.9849,-3.97438094691072
0.985,-3.97244867694482
0.9851,-3.97051847655305
0.9852,-3.96859034276595
0.9853,-3.96666427261934
0.9854,-3.96474026315432
0.9855,-3.96281831141722
0.9856,-3.96089841445964
0.9857,-3.9589805693384
0.9858,-3.95706477311556
0.9859,-3.95515102285838
0.986,-3.95323931563932
0.9861,-3.95132964853603
0.9862,-3.94942201863135
0.9863,-3.94751642301327
0.9864,-3.94561285877496
0.9865,-3.94371132301473
0.9866,-3.94181181283601
0.9867,-3.93991432534736
0.9868,-3.93801885766247
0.9869,-3.93612540690012
0.987,-3.93423397018417
0.9871,-3.93234454464359
0.9872,-3.9304571274124
0.9873,-3.92857171562969
0.9874,-3.92668830643959
0.9875,-3.92480689699129
0.9876,-3.92292748443896
0.9877,-3.92105006594184
0.9878,-3.91917463866416
0.9879,-3.91730119977513
0.988,-3.91542974644896
0.9881,-3.91356027586484
0.9882,-3.91169278520691
0.9883,-3.90982727166427
0.9884,-3.90796373243097
0.9885,-3.906102164706
0.9886,-3.90424256569324
0.9887,-3.90238493260152
0.9888,-3.90052926264456
0.9889,-3.89867555304096
0.989,-3.89682380101421
0.9891,-3.89497400379268
0.9892,-3.89312615860959
0.9893,-3.89128026270302
0.9894,-3.88943631331589
0.9895,-3.88759430769594
0.9896,-3.88575424309573
0.9897,-3.88391611677266
0.9898,-3.88207992598889
0.9899,-3.8802456680114
0.99,-3.87841334011193
0.9901,-3.87658293956702
0.9902,-3.87475446365793
0.9903,-3.8729279096707
0.9904,-3.87110327489611
0.9905,-3.86928055662965
0.9906,-3.86745975217156
0.9907,-3.86564085882676
0.9908,-3.86382387390489
0.9909,-3.86200879472028
0.991,-3.86019561859193
0.9911,-3.85838434284354
0.9912,-3.85657496480343
0.9913,-3.85476748180462
0.9914,-3.85296189118473
0.9915,-3.85115819028603
0.9916,-3.84935637645543
0.9917,-3.84755644704443
0.9918,-3.84575839940913
0.9919,-3.84396223091025
0.992,-3.84216793891309
0.9921,-3.8403755207875
0.9922,-3.83858497390792
0.9923,-3.83679629565334
0.9924,-3.8350094834073
0.9925,-3.83322453455788
0.9926,-3.83144144649766
0.9927,-3.82966021662379
0.9928,-3.82788084233788
0.9929,-3.82610332104608
0.993,-3.824327650159
0.9931,-3.82255382709174
0.9932,-3.82078184926389
0.9933,-3.81901171409948
0.9934,-3.817243419027
0.9935,-3.8154769614794
0.9936,-3.81371233889404
0.9937,-3.81194954871273
0.9938,-3.81018858838167
0.9939,-3.8084294553515
0.994,-3.80667214707724
0.9941,-3.8049166610183
0.9942,-3.80316299463847
0.9943,-3.80141114540592
0.9944,-3.79966111079318
0.9945,-3.79791288827712
0.9946,-3.79616647533898
0.9947,-3.79442186946432
0.9948,-3.79267906814303
0.9949,-3.7909380688693
0.995,-3.78919886914167
0.9951,-3.78746146646294
0.9952,-3.78572585834022
0.9953,-3.78399204228491
0.9954,-3.78226001581266
0.9955,-3.78052977644341
0.9956,-3.77880132170134
0.9957,-3.77707464911488
0.9958,-3.77534975621671
0.9959,-3.77362664054373
0.996,-3.77190529963705
0.9961,-3.77018573104203
0.9962,-3.76846793230818
0.9963,-3.76675190098926
0.9964,-3.76503763464318
0.9965,-3.76332513083205
0.9966,-3.76161438712214
0.9967,-3.75990540108387
0.9968,-3.75819817029183
0.9969,-3.75649269232475
0.997,-3.7547889647655
0.9971,-3.75308698520107
0.9972,-3.75138675122257
0.9973,-3.74968826042522
0.9974,-3.74799151040835
0.9975,-3.74629649877537
0.9976,-3.74460322313379
0.9977,-3.74291168109518
0.9978,-3.74122187027521
0.9979,-3.73953378829357
0.998,-3.73784743277403
0.9981,-3.7361628013444
0.9982,-3.73447989163652
0.9983,-3.73279870128625
0.9984,-3.73111922793349
0.9985,-3.72944146922214
0.9986,-3.7277654228001
0.9987,-3.72609108631926
0.9988,-3.72441845743552
0.9989,-3.72274753380875
0.999,-3.72107831310276
0.9991,-3.71941079298536
0.9992,-3.71774497112831
0.9993,-3.71608084520729
0.9994,-3.71441841290195
0.9995,-3.71275767189587
0.9996,-3.71109861987651
0.9997,-3.7094412545353
0.9998,-3.70778557356753
0.9999,-3.70613157467244
1,-3.7044792555531
1.0001,-3.70282861391651
1.0002,-3.70117964747354
1.0003,-3.6995323539389
1.0004,-3.69788673103118
1.0005,-3.69624277647283
1.0006,-3.69460048799012
1.0007,-3.69295986331317
1.0008,-3.69132090017594
1.0009,-3.68968359631619
1.001,-3.6880479494755
1.0011,-3.68641395739927
1.0012,-3.68478161783666
1.0013,-3.68315092854067
1.0014,-3.68152188726804
1.0015,-3.67989449177932
1.0016,-3.6782687398388
1.0017,-3.67664462921454
1.0018,-3.67502215767835
1.0019,-3.67340132300578
1.002,-3.67178212297614
1.0021,-3.67016455537244
1.0022,-3.66854861798144
1.0023,-3.66693430859358
1.0024,-3.66532162500304
1.0025,-3.66371056500769
1.0026,-3.66210112640908
1.0027,-3.66049330701245
1.0028,-3.65888710462674
1.0029,-3.65728251706452
1.003,-3.65567954214206
1.0031,-3.65407817767927
1.0032,-3.6524784214997
1.0033,-3.65088027143056
1.0034,-3.64928372530267
1.0035,-3.6476887809505
1.0036,-3.64609543621212
1.0037,-3.64450368892922
1.0038,-3.64291353694711
1.0039,-3.64132497811466
1.004,-3.63973801028437
1.0041,-3.6381526313123
1.0042,-3.63656883905809
1.0043,-3.63498663138494
1.0044,-3.63340600615965
1.0045,-3.63182696125252
1.0046,-3.63024949453744
1.0047,-3.62867360389182
1.0048,-3.62709928719661
1.0049,-3.62552654233628
1.005,-3.62395536719882
1.0051,-3.62238575967575
1.0052,-3.62081771766208
1.0053,-3.6192512390563
1.0054,-3.61768632176044
1.0055,-3.61612296367996
1.0056,-3.61456116272385
1.0057,-3.61300091680453
1.0058,-3.61144222383789
1.0059,-3.6098850817433
1.006,-3.60832948844357
1.0061,-3.60677544186493
1.0062,-3.60522293993708
1.0063,-3.60367198059313
1.0064,-3.60212256176961
1.0065,-3.60057468140648
1.0066,-3.59902833744712
1.0067,-3.59748352783827
1.0068,-3.5959402505301
1.0069,-3.59439850347617
1.007,-3.5928582846334
1.0071,-3.59131959196211
1.0072,-3.58978242342596
1.0073,-3.58824677699201
1.0074,-3.58671265063065
1.0075,-3.58518004231563
1.0076,-3.58364895002402
1.0077,-3.58211937173627
1.0078,-3.58059130543611
1.0079,-3.57906474911062
1.008,-3.5775397007502
1.0081,-3.57601615834855
1.0082,-3.57449411990268
1.0083,-3.57297358341288
1.0084,-3.57145454688275
1.0085,-3.56993700831917
1.0086,-3.56842096573228
1.0087,-3.56690641713552
1.0088,-3.56539336054556
1.0089,-3.56388179398237
1.009,-3.56237171546913
1.0091,-3.56086312303228
1.0092,-3.55935601470153
1.0093,-3.55785038850976
1.0094,-3.55634624249313
1.0095,-3.55484357469101
1.0096,-3.55334238314595
1.0097,-3.55184266590375
1.0098,-3.55034442101339
1.0099,-3.54884764652704
1.01,-3.54735234050007
1.0101,-3.54585850099104
1.0102,-3.54436612606165
1.0103,-3.54287521377681
1.0104,-3.54138576220458
1.0105,-3.53989776941617
1.0106,-3.53841123348594
1.0107,-3.5369261524914
1.0108,-3.53544252451322
1.0109,-3.53396034763516
1.011,-3.53247961994414
1.0111,-3.53100033953019
1.0112,-3.52952250448645
1.0113,-3.52804611290918
1.0114,-3.52657116289773
1.0115,-3.52509765255455
1.0116,-3.52362557998519
1.0117,-3.52215494329827
1.0118,-3.52068574060549
1.0119,-3.51921797002164
1.012,-3.51775162966455
1.0121,-3.51628671765514
1.0122,-3.51482323211735
1.0123,-3.5133611711782
1.0124,-3.51190053296773
1.0125,-3.51044131561902
1.0126,-3.5089835172682
1.0127,-3.50752713605441
1.0128,-3.5060721701198
1.0129,-3.50461861760955
1.013,-3.50316647667184
1.0131,-3.50171574545786
1.0132,-3.50026642212176
1.0133,-3.49881850482074
1.0134,-3.49737199171494
1.0135,-3.49592688096749
1.0136,-3.49448317074448
1.0137,-3.49304085921499
1.0138,-3.49159994455106
1.0139,-3.49016042492766
1.014,-3.48872229852272
1.0141,-3.48728556351714
1.0142,-3.48585021809472
1.0143,-3.48441626044222
1.0144,-3.48298368874931
1.0145,-3.48155250120859
1.0146,-3.48012269601557
1.0147,-3.47869427136868
1.0148,-3.47726722546924
1.0149,-3.47584155652148
1.015,-3.47441726273252
1.0151,-3.47299434231237
1.0152,-3.47157279347391
1.0153,-3.47015261443291
1.0154,-3.46873380340801
1.0155,-3.4673163586207
1.0156,-3.46590027829536
1.0157,-3.4644855606592
1.0158,-3.46307220394227
1.0159,-3.4616602063775
1.016,-3.46024956620063
1.0161,-3.45884028165023
1.0162,-3.45743235096772
1.0163,-3.45602577239731
1.0164,-3.45462054418606
1.0165,-3.45321666458382
1.0166,-3.45181413184325
1.0167,-3.45041294421981
1.0168,-3.44901309997176
1.0169,-3.44761459736014
1.017,-3.44621743464879
1.0171,-3.44482161010429
1.0172,-3.44342712199604
1.0173,-3.4420339685962
1.0174,-3.44064214817966
1.0175,-3.4392516590241
1.0176,-3.43786249940994
1.0177,-3.43647466762035
1.0178,-3.43508816194123
1.0179,-3.43370298066124
1.018,-3.43231912207176
1.0181,-3.43093658446688
1.0182,-3.42955536614344
1.0183,-3.42817546540096
1.0184,-3.42679688054172
1.0185,-3.42541960987065
1.0186,-3.42404365169542
1.0187,-3.42266900432638
1.0188,-3.42129566607657
1.0189,-3.41992363526172
1.019,-3.41855291020023
1.0191,-3.41718348921318
1.0192,-3.41581537062432
1.0193,-3.41444855276008
1.0194,-3.41308303394952
1.0195,-3.41171881252436
1.0196,-3.410355886819
1.0197,-3.40899425517044
1.0198,-3.40763391591836
1.0199,-3.40627486740504
1.02,-3.40491710797541
1.0201,-3.40356063597701
1.0202,-3.40220544976003
1.0203,-3.40085154767723
1.0204,-3.39949892808401
1.0205,-3.39814758933836
1.0206,-3.39679752980088
1.0207,-3.39544874783476
1.0208,-3.39410124180579
1.0209,-3.39275501008231
1.021,-3.39141005103528
1.0211,-3.39006636303822
1.0212,-3.38872394446721
1.0213,-3.38738279370091
1.0214,-3.38604290912053
1.0215,-3.38470428910985
1.0216,-3.38336693205517
1.0217,-3.38203083634538
1.0218,-3.38069600037188
1.0219,-3.37936242252861
1.022,-3.37803010121204
1.0221,-3.37669903482119
1.0222,-3.37536922175757
1.0223,-3.37404066042523
1.0224,-3.37271334923071
1.0225,-3.37138728658309
1.0226,-3.37006247089393
1.0227,-3.36873890057728
1.0228,-3.36741657404972
1.0229,-3.36609548973028
1.023,-3.36477564604049
1.0231,-3.36345704140436
1.0232,-3.36213967424839
1.0233,-3.36082354300151
1.0234,-3.35950864609516
1.0235,-3.35819498196322
1.0236,-3.35688254904202
1.0237,-3.35557134577035
1.0238,-3.35426137058946
1.0239,-3.35295262194302
1.024,-3.35164509827714
1.0241,-3.35033879804039
1.0242,-3.34903371968374
1.0243,-3.34772986166059
1.0244,-3.34642722242678
1.0245,-3.34512580044053
1.0246,-3.34382559416251
1.0247,-3.34252660205576
1.0248,-3.34122882258575
1.0249,-3.33993225422034
1.025,-3.33863689542976
1.0251,-3.33734274468667
1.0252,-3.33604980046607
1.0253,-3.33475806124538
1.0254,-3.33346752550436
1.0255,-3.33217819172517
1.0256,-3.33089005839231
1.0257,-3.32960312399266
1.0258,-3.32831738701545
1.0259,-3.32703284595227
1.026,-3.32574949929705
1.0261,-3.32446734554606
1.0262,-3.32318638319792
1.0263,-3.32190661075359
1.0264,-3.32062802671634
1.0265,-3.3193506295918
1.0266,-3.31807441788788
1.0267,-3.31679939011485
1.0268,-3.31552554478527
1.0269,-3.31425288041401
1.027,-3.31298139551825
1.0271,-3.31171108861746
1.0272,-3.31044195823345
1.0273,-3.30917400289025
1.0274,-3.30790722111425
1.0275,-3.30664161143408
1.0276,-3.30537717238065
1.0277,-3.30411390248718
1.0278,-3.30285180028912
1.0279,-3.30159086432421
1.028,-3.30033109313245
1.0281,-3.2990724852561
1.0282,-3.29781503923966
1.0283,-3.29655875362991
1.0284,-3.29530362697584
1.0285,-3.29404965782871
1.0286,-3.29279684474201
1.0287,-3.29154518627146
1.0288,-3.290294680975
1.0289,-3.28904532741282
1.029,-3.28779712414732
1.0291,-3.2865500697431
1.0292,-3.285304162767
1.0293,-3.28405940178806
1.0294,-3.28281578537751
1.0295,-3.28157331210881
1.0296,-3.28033198055759
1.0297,-3.27909178930169
1.0298,-3.27785273692112
1.0299,-3.2766148219981
1.03,-3.27537804311702
1.0301,-3.27414239886443
1.0302,-3.27290788782908
1.0303,-3.27167450860188
1.0304,-3.27044225977588
1.0305,-3.26921113994634
1.0306,-3.26798114771062
1.0307,-3.26675228166828
1.0308,-3.26552454042101
1.0309,-3.26429792257264
1.031,-3.26307242672915
1.0311,-3.26184805149866
1.0312,-3.2606247954914
1.0313,-3.25940265731975
1.0314,-3.25818163559823
1.0315,-3.25696172894344
1.0316,-3.25574293597414
1.0317,-3.25452525531116
1.0318,-3.25330868557749
1.0319,-3.25209322539819
1.032,-3.25087887340044
1.0321,-3.24966562821349
1.0322,-3.24845348846872
1.0323,-3.24724245279959
1.0324,-3.24603251984163
1.0325,-3.24482368823247
1.0326,-3.24361595661182
1.0327,-3.24240932362146
1.0328,-3.24120378790524
1.0329,-3.23999934810907
1.033,-3.23879600288095
1.0331,-3.23759375087091
1.0332,-3.23639259073106
1.0333,-3.23519252111555
1.0334,-3.23399354068058
1.0335,-3.2327956480844
1.0336,-3.2315988419873
1.0337,-3.23040312105161
1.0338,-3.22920848394169
1.0339,-3.22801492932392
1.034,-3.22682245586674
1.0341,-3.22563106224057
1.0342,-3.22444074711789
1.0343,-3.22325150917316
1.0344,-3.22206334708288
1.0345,-3.22087625952554
1.0346,-3.21969024518165
1.0347,-3.21850530273371
1.0348,-3.21732143086622
1.0349,-3.21613862826568
1.035,-3.21495689362056
1.0351,-3.21377622562135
1.0352,-3.21259662296049
1.0353,-3.21141808433242
1.0354,-3.21024060843356
1.0355,-3.20906419396227
1.0356,-3.20788883961892
1.0357,-3.20671454410582
1.0358,-3.20554130612725
1.0359,-3.20436912438944
1.036,-3.20319799760058
1.0361,-3.20202792447082
1.0362,-3.20085890371225
1.0363,-3.19969093403889
1.0364,-3.19852401416673
1.0365,-3.19735814281366
1.0366,-3.19619331869953
1.0367,-3.19502954054613
1.0368,-3.19386680707715
1.0369,-3.1927051170182
1.037,-3.19154446909684
1.0371,-3.19038486204253
1.0372,-3.18922629458662
1.0373,-3.18806876546241
1.0374,-3.18691227340509
1.0375,-3.18575681715173
1.0376,-3.18460239544132
1.0377,-3.18344900701476
1.0378,-3.18229665061481
1.0379,-3.18114532498614
1.038,-3.1799950288753
1.0381,-3.17884576103072
1.0382,-3.1776975202027
1.0383,-3.17655030514343
1.0384,-3.17540411460697
1.0385,-3.17425894734925
1.0386,-3.17311480212804
1.0387,-3.171971677703
1.0388,-3.17082957283565
1.0389,-3.16968848628934
1.039,-3.1685484168293
1.0391,-3.16740936322258
1.0392,-3.1662713242381
1.0393,-3.16513429864661
1.0394,-3.1639982852207
1.0395,-3.16286328273478
1.0396,-3.16172928996513
1.0397,-3.16059630568983
1.0398,-3.15946432868878
1.0399,-3.15833335774372
1.04,-3.15720339163821
1.0401,-3.1560744291576
1.0402,-3.15494646908908
1.0403,-3.15381951022164
1.0404,-3.15269355134607
1.0405,-3.15156859125496
1.0406,-3.15044462874273
1.0407,-3.14932166260555
1.0408,-3.14819969164142
1.0409,-3.14707871465011
1.041,-3.14595873043318
1.0411,-3.14483973779398
1.0412,-3.14372173553764
1.0413,-3.14260472247105
1.0414,-3.1414886974029
1.0415,-3.14037365914363
1.0416,-3.13925960650546
1.0417,-3.13814653830237
1.0418,-3.1370344533501
1.0419,-3.13592335046615
1.042,-3.13481322846977
1.0421,-3.13370408618197
1.0422,-3.13259592242552
1.0423,-3.13148873602489
1.0424,-3.13038252580635
1.0425,-3.12927729059788
1.0426,-3.12817302922918
1.0427,-3.12706974053173
1.0428,-3.1259674233387
1.0429,-3.124866076485
1.043,-3.12376569880727
1.0431,-3.12266628914386
1.0432,-3.12156784633485
1.0433,-3.12047036922203
1.0434,-3.1193738566489
1.0435,-3.11827830746067
1.0436,-3.11718372050425
1.0437,-3.11609009462828
1.0438,-3.11499742868305
1.0439,-3.1139057215206
1.044,-3.11281497199462
1.0441,-3.11172517896053
1.0442,-3.11063634127542
1.0443,-3.10954845779804
1.0444,-3.10846152738887
1.0445,-3.10737554891003
1.0446,-3.10629052122535
1.0447,-3.10520644320029
1.0448,-3.10412331370203
1.0449,-3.10304113159937
1.045,-3.1019598957628
1.0451,-3.10087960506448
1.0452,-3.0998002583782
1.0453,-3.09872185457943
1.0454,-3.09764439254529
1.0455,-3.09656787115453
1.0456,-3.09549228928757
1.0457,-3.09441764582646
1.0458,-3.09334393965489
1.0459,-3.09227116965821
1.046,-3.09119933472337
1.0461,-3.09012843373898
1.0462,-3.08905846559528
1.0463,-3.08798942918411
1.0464,-3.08692132339896
1.0465,-3.08585414713493
1.0466,-3.08478789928874
1.0467,-3.08372257875873
1.0468,-3.08265818444483
1.0469,-3.08159471524862
1.047,-3.08053217007326
1.0471,-3.07947054782351
1.0472,-3.07840984740574
1.0473,-3.07735006772792
1.0474,-3.07629120769962
1.0475,-3.07523326623198
1.0476,-3.07417624223776
1.0477,-3.07312013463129
1.0478,-3.07206494232849
1.0479,-3.07101066424685
1.048,-3.06995729930546
1.0481,-3.06890484642496
1.0482,-3.06785330452759
1.0483,-3.06680267253715
1.0484,-3.065752949379
1.0485,-3.06470413398007
1.0486,-3.06365622526885
1.0487,-3.06260922217541
1.0488,-3.06156312363135
1.0489,-3.06051792856983
1.049,-3.05947363592558
1.0491,-3.05843024463486
1.0492,-3.05738775363547
1.0493,-3.05634616186678
1.0494,-3.05530546826969
1.0495,-3.05426567178662
1.0496,-3.05322677136154
1.0497,-3.05218876593996
1.0498,-3.05115165446891
1.0499,-3.05011543589695
1.05,-3.04908010917416
1.0501,-3.04804567325216
1.0502,-3.04701212708406
1.0503,-3.04597946962451
1.0504,-3.04494769982967
1.0505,-3.04391681665721
1.0506,-3.04288681906631
1.0507,-3.04185770601765
1.0508,-3.04082947647341
1.0509,-3.03980212939729
1.051,-3.03877566375449
1.0511,-3.03775007851167
1.0512,-3.03672537263702
1.0513,-3.0357015451002
1.0514,-3.03467859487238
1.0515,-3.03365652092619
1.0516,-3.03263532223576
1.0517,-3.0316149977767
1.0518,-3.03059554652609
1.0519,-3.02957696746248
1.052,-3.02855925956592
1.0521,-3.0275424218179
1.0522,-3.02652645320139
1.0523,-3.02551135270084
1.0524,-3.02449711930212
1.0525,-3.02348375199261
1.0526,-3.02247124976112
1.0527,-3.02145961159792
1.0528,-3.02044883649474
1.0529,-3.01943892344474
1.053,-3.01842987144256
1.0531,-3.01742167948424
1.0532,-3.01641434656732
1.0533,-3.01540787169073
1.0534,-3.01440225385486
1.0535,-3.01339749206154
1.0536,-3.01239358531402
1.0537,-3.01139053261698
1.0538,-3.01038833297654
1.0539,-3.00938698540024
1.054,-3.00838648889703
1.0541,-3.00738684247731
1.0542,-3.00638804515287
1.0543,-3.00539009593692
1.0544,-3.0043929938441
1.0545,-3.00339673789045
1.0546,-3.00240132709341
1.0547,-3.00140676047184
1.0548,-3.00041303704599
1.0549,-2.99942015583753
1.055,-2.99842811586951
1.0551,-2.99743691616638
1.0552,-2.996446555754
1.0553,-2.9954570336596
1.0554,-2.99446834891182
1.0555,-2.99348050054066
1.0556,-2.99249348757752
1.0557,-2.99150730905519
1.0558,-2.99052196400784
1.0559,-2.98953745147099
1.056,-2.98855377048156
1.0561,-2.98757092007784
1.0562,-2.98658889929949
1.0563,-2.98560770718753
1.0564,-2.98462734278435
1.0565,-2.9836478051337
1.0566,-2.9826690932807
1.0567,-2.98169120627182
1.0568,-2.9807141431549
1.0569,-2.9797379029791
1.057,-2.97876248479499
1.0571,-2.97778788765442
1.0572,-2.97681411061064
1.0573,-2.97584115271823
1.0574,-2.9748690130331
1.0575,-2.97389769061251
1.0576,-2.97292718451506
1.0577,-2.97195749380069
1.0578,-2.97098861753065
1.0579,-2.97002055476755
1.058,-2.96905330457531
1.0581,-2.9680868660192
1.0582,-2.96712123816578
1.0583,-2.96615642008295
1.0584,-2.96519241083994
1.0585,-2.96422920950728
1.0586,-2.96326681515682
1.0587,-2.96230522686173
1.0588,-2.9613444436965
1.0589,-2.9603844647369
1.059,-2.95942528906001
1.0591,-2.95846691574426
1.0592,-2.95750934386933
1.0593,-2.95655257251621
1.0594,-2.95559660076722
1.0595,-2.95464142770593
1.0596,-2.95368705241723
1.0597,-2.9527334739873
1.0598,-2.95178069150361
1.0599,-2.9508287040549
1.06,-2.94987751073122
1.0601,-2.94892711062389
1.0602,-2.94797750282549
1.0603,-2.94702868642991
1.0604,-2.9460806605323
1.0605,-2.9451334242291
1.0606,-2.94418697661799
1.0607,-2.94324131679795
1.0608,-2.94229644386921
1.0609,-2.94135235693328
1.061,-2.94040905509291
1.0611,-2.93946653745214
1.0612,-2.93852480311625
1.0613,-2.93758385119177
1.0614,-2.9366436807865
1.0615,-2.93570429100949
1.0616,-2.93476568097104
1.0617,-2.9338278497827
1.0618,-2.93289079655725
1.0619,-2.93195452040874
1.062,-2.93101902045244
1.0621,-2.93008429580486
1.0622,-2.92915034558378
1.0623,-2.92821716890818
1.0624,-2.92728476489828
1.0625,-2.92635313267554
1.0626,-2.92542227136266
1.0627,-2.92449218008353
1.0628,-2.92356285796332
1.0629,-2.92263430412837
1.063,-2.92170651770627
1.0631,-2.92077949782583
1.0632,-2.91985324361707
1.0633,-2.91892775421122
1.0634,-2.91800302874073
1.0635,-2.91707906633927
1.0636,-2.9161558661417
1.0637,-2.91523342728411
1.0638,-2.91431174890376
1.0639,-2.91339083013916
1.064,-2.91247067012998
1.0641,-2.9115512680171
1.0642,-2.91063262294263
1.0643,-2.90971473404981
1.0644,-2.90879760048314
1.0645,-2.90788122138826
1.0646,-2.90696559591204
1.0647,-2.90605072320251
1.0648,-2.90513660240888
1.0649,-2.90422323268158
1.065,-2.90331061317217
1.0651,-2.90239874303344
1.0652,-2.90148762141931
1.0653,-2.90057724748492
1.0654,-2.89966762038655
1.0655,-2.89875873928167
1.0656,-2.8978506033289
1.0657,-2.89694321168806
1.0658,-2.8960365635201
1.0659,-2.89513065798715
1.066,-2.89422549425251
1.0661,-2.89332107148062
1.0662,-2.8924173888371
1.0663,-2.8915144454887
1.0664,-2.89061224060335
1.0665,-2.88971077335011
1.0666,-2.88881004289922
1.0667,-2.88791004842202
1.0668,-2.88701078909104
1.0669,-2.88611226407995
1.067,-2.88521447256354
1.0671,-2.88431741371775
1.0672,-2.88342108671966
1.0673,-2.88252549074749
1.0674,-2.88163062498061
1.0675,-2.88073648859948
1.0676,-2.87984308078573
1.0677,-2.87895040072211
1.0678,-2.87805844759248
1.0679,-2.87716722058186
1.068,-2.87627671887636
1.0681,-2.87538694166323
1.0682,-2.87449788813083
1.0683,-2.87360955746864
1.0684,-2.87272194886728
1.0685,-2.87183506151844
1.0686,-2.87094889461496
1.0687,-2.87006344735078
1.0688,-2.86917871892094
1.0689,-2.8682947085216
1.069,-2.86741141535002
1.0691,-2.86652883860455
1.0692,-2.86564697748467
1.0693,-2.86476583119094
1.0694,-2.86388539892502
1.0695,-2.86300567988967
1.0696,-2.86212667328874
1.0697,-2.86124837832718
1.0698,-2.86037079421102
1.0699,-2.8594939201474
1.07,-2.85861775534452
1.0701,-2.85774229901169
1.0702,-2.85686755035928
1.0703,-2.85599350859876
1.0704,-2.85512017294268
1.0705,-2.85424754260465
1.0706,-2.85337561679938
1.0707,-2.85250439474264
1.0708,-2.85163387565127
1.0709,-2.85076405874321
1.071,-2.84989494323743
1.0711,-2.84902652835399
1.0712,-2.84815881331401
1.0713,-2.84729179733968
1.0714,-2.84642547965425
1.0715,-2.84555985948203
1.0716,-2.84469493604838
1.0717,-2.84383070857974
1.0718,-2.84296717630358
1.0719,-2.84210433844844
1.072,-2.84124219424391
1.0721,-2.84038074292063
1.0722,-2.83951998371028
1.0723,-2.83865991584559
1.0724,-2.83780053856036
1.0725,-2.83694185108939
1.0726,-2.83608385266856
1.0727,-2.83522654253477
1.0728,-2.83436991992596
1.0729,-2.83351398408112
1.073,-2.83265873424025
1.0731,-2.83180416964442
1.0732,-2.83095028953569
1.0733,-2.83009709315719
1.0734,-2.82924457975304
1.0735,-2.82839274856842
1.0736,-2.82754159884951
1.0737,-2.82669112984354
1.0738,-2.82584134079873
1.0739,-2.82499223096434
1.074,-2.82414379959065
1.0741,-2.82329604592895
1.0742,-2.82244896923155
1.0743,-2.82160256875176
1.0744,-2.82075684374391
1.0745,-2.81991179346335
1.0746,-2.81906741716642
1.0747,-2.81822371411049
1.0748,-2.81738068355392
1.0749,-2.81653832475607
1.075,-2.81569663697731
1.0751,-2.81485561947901
1.0752,-2.81401527152353
1.0753,-2.81317559237424
1.0754,-2.81233658129549
1.0755,-2.81149823755265
1.0756,-2.81066056041206
1.0757,-2.80982354914105
1.0758,-2.80898720300794
1.0759,-2.80815152128206
1.076,-2.8073165032337
1.0761,-2.80648214813414
1.0762,-2.80564845525564
1.0763,-2.80481542387146
1.0764,-2.80398305325582
1.0765,-2.80315134268393
1.0766,-2.80232029143195
1.0767,-2.80148989877706
1.0768,-2.80066016399737
1.0769,-2.79983108637199
1.077,-2.79900266518099
1.0771,-2.7981748997054
1.0772,-2.79734778922723
1.0773,-2.79652133302945
1.0774,-2.795695530396
1.0775,-2.79487038061177
1.0776,-2.79404588296262
1.0777,-2.79322203673536
1.0778,-2.79239884121777
1.0779,-2.79157629569859
1.078,-2.79075439946748
1.0781,-2.7899331518151
1.0782,-2.78911255203303
1.0783,-2.78829259941381
1.0784,-2.78747329325093
1.0785,-2.78665463283882
1.0786,-2.78583661747285
1.0787,-2.78501924644937
1.0788,-2.78420251906563
1.0789,-2.78338643461982
1.079,-2.78257099241112
1.0791,-2.78175619173959
1.0792,-2.78094203190625
1.0793,-2.78012851221307
1.0794,-2.77931563196293
1.0795,-2.77850339045964
1.0796,-2.77769178700797
1.0797,-2.77688082091358
1.0798,-2.77607049148308
1.0799,-2.77526079802401
1.08,-2.77445173984483
1.0801,-2.7736433162549
1.0802,-2.77283552656454
1.0803,-2.77202837008496
1.0804,-2.7712218461283
1.0805,-2.77041595400761
1.0806,-2.76961069303688
1.0807,-2.76880606253098
1.0808,-2.76800206180571
1.0809,-2.76719869017779
1.081,-2.76639594696483
1.0811,-2.76559383148535
1.0812,-2.76479234305879
1.0813,-2.7639914810055
1.0814,-2.76319124464671
1.0815,-2.76239163330456
1.0816,-2.76159264630211
1.0817,-2.76079428296331
1.0818,-2.75999654261299
1.0819,-2.7591994245769
1.082,-2.75840292818167
1.0821,-2.75760705275484
1.0822,-2.75681179762482
1.0823,-2.75601716212093
1.0824,-2.75522314557337
1.0825,-2.75442974731323
1.0826,-2.7536369666725
1.0827,-2.75284480298403
1.0828,-2.75205325558158
1.0829,-2.75126232379977
1.083,-2.75047200697411
1.0831,-2.749682304441
1.0832,-2.7488932155377
1.0833,-2.74810473960235
1.0834,-2.74731687597399
1.0835,-2.74652962399251
1.0836,-2.74574298299866
1.0837,-2.74495695233411
1.0838,-2.74417153134135
1.0839,-2.74338671936376
1.084,-2.7426025157456
1.0841,-2.74181891983196
1.0842,-2.74103593096883
1.0843,-2.74025354850305
1.0844,-2.73947177178232
1.0845,-2.73869060015519
1.0846,-2.7379100329711
1.0847,-2.73713006958032
1.0848,-2.73635070933398
1.0849,-2.73557195158407
1.085,-2.73479379568344
1.0851,-2.73401624098579
1.0852,-2.73323928684565
1.0853,-2.73246293261842
1.0854,-2.73168717766036
1.0855,-2.73091202132855
1.0856,-2.73013746298093
1.0857,-2.72936350197627
1.0858,-2.72859013767421
1.0859,-2.72781736943521
1.086,-2.72704519662057
1.0861,-2.72627361859245
1.0862,-2.72550263471382
1.0863,-2.7247322443485
1.0864,-2.72396244686114
1.0865,-2.72319324161724
1.0866,-2.72242462798312
1.0867,-2.72165660532591
1.0868,-2.72088917301362
1.0869,-2.72012233041503
1.087,-2.7193560768998
1.0871,-2.71859041183838
1.0872,-2.71782533460206
1.0873,-2.71706084456295
1.0874,-2.71629694109398
1.0875,-2.71553362356891
1.0876,-2.7147708913623
1.0877,-2.71400874384955
1.0878,-2.71324718040686
1.0879,-2.71248620041125
1.088,-2.71172580324057
1.0881,-2.71096598827346
1.0882,-2.71020675488938
1.0883,-2.7094481024686
1.0884,-2.70869003039221
1.0885,-2.7079325380421
1.0886,-2.70717562480095
1.0887,-2.70641929005228
1.0888,-2.70566353318038
1.0889,-2.70490835357036
1.089,-2.70415375060813
1.0891,-2.70339972368041
1.0892,-2.70264627217469
1.0893,-2.70189339547929
1.0894,-2.70114109298332
1.0895,-2.70038936407666
1.0896,-2.69963820815001
1.0897,-2.69888762459486
1.0898,-2.69813761280348
1.0899,-2.69738817216895
1.09,-2.69663930208511
1.0901,-2.69589100194661
1.0902,-2.69514327114889
1.0903,-2.69439610908816
1.0904,-2.69364951516142
1.0905,-2.69290348876645
1.0906,-2.69215802930183
1.0907,-2.6914131361669
1.0908,-2.69066880876177
1.0909,-2.68992504648737
1.091,-2.68918184874537
1.0911,-2.68843921493822
1.0912,-2.68769714446915
1.0913,-2.68695563674218
1.0914,-2.68621469116207
1.0915,-2.68547430713439
1.0916,-2.68473448406543
1.0917,-2.6839952213623
1.0918,-2.68325651843284
1.0919,-2.68251837468567
1.092,-2.68178078953017
1.0921,-2.6810437623765
1.0922,-2.68030729263556
1.0923,-2.67957137971904
1.0924,-2.67883602303935
1.0925,-2.67810122200969
1.0926,-2.67736697604402
1.0927,-2.67663328455704
1.0928,-2.6759001469642
1.0929,-2.67516756268173
1.093,-2.67443553112659
1.0931,-2.67370405171651
1.0932,-2.67297312386995
1.0933,-2.67224274700615
1.0934,-2.67151292054507
1.0935,-2.67078364390742
1.0936,-2.67005491651468
1.0937,-2.66932673778904
1.0938,-2.66859910715348
1.0939,-2.66787202403167
1.094,-2.66714548784806
1.0941,-2.66641949802783
1.0942,-2.66569405399689
1.0943,-2.6649691551819
1.0944,-2.66424480101025
1.0945,-2.66352099091008
1.0946,-2.66279772431024
1.0947,-2.66207500064032
1.0948,-2.66135281933067
1.0949,-2.66063117981234
1.095,-2.65991008151713
1.0951,-2.65918952387755
1.0952,-2.65846950632685
1.0953,-2.65775002829902
1.0954,-2.65703108922873
1.0955,-2.65631268855144
1.0956,-2.65559482570328
1.0957,-2.65487750012113
1.0958,-2.65416071124258
1.0959,-2.65344445850595
1.096,-2.65272874135026
1.0961,-2.65201355921527
1.0962,-2.65129891154145
1.0963,-2.65058479776998
1.0964,-2.64987121734275
1.0965,-2.64915816970239
1.0966,-2.64844565429221
1.0967,-2.64773367055625
1.0968,-2.64702221793926
1.0969,-2.64631129588669
1.097,-2.64560090384471
1.0971,-2.64489104126019
1.0972,-2.6441817075807
1.0973,-2.64347290225453
1.0974,-2.64276462473067
1.0975,-2.64205687445879
1.0976,-2.6413496508893
1.0977,-2.64064295347327
1.0978,-2.63993678166252
1.0979,-2.63923113490951
1.098,-2.63852601266744
1.0981,-2.6378214143902
1.0982,-2.63711733953235
1.0983,-2.63641378754918
1.0984,-2.63571075789665
1.0985,-2.6350082500314
1.0986,-2.63430626341081
1.0987,-2.6336047974929
1.0988,-2.6329038517364
1.0989,-2.63220342560072
1.099,-2.63150351854598
1.0991,-2.63080413003295
1.0992,-2.63010525952311
1.0993,-2.62940690647862
1.0994,-2.62870907036232
1.0995,-2.62801175063772
1.0996,-2.62731494676904
1.0997,-2.62661865822114
1.0998,-2.6259228844596
1.0999,-2.62522762495065
1.1,-2.6245328791612
1.1001,-2.62383864655884
1.1002,-2.62314492661184
1.1003,-2.62245171878913
1.1004,-2.62175902256032
1.1005,-2.6210668373957
1.1006,-2.62037516276622
1.1007,-2.61968399814349
1.1008,-2.61899334299981
1.1009,-2.61830319680812
1.101,-2.61761355904206
1.1011,-2.61692442917592
1.1012,-2.61623580668464
1.1013,-2.61554769104383
1.1014,-2.61486008172979
1.1015,-2.61417297821944
1.1016,-2.61348637999039
1.1017,-2.61280028652089
1.1018,-2.61211469728986
1.1019,-2.61142961177688
1.102,-2.61074502946217
1.1021,-2.61006094982662
1.1022,-2.60937737235177
1.1023,-2.60869429651981
1.1024,-2.60801172181359
1.1025,-2.60732964771661
1.1026,-2.60664807371301
1.1027,-2.60596699928759
1.1028,-2.6052864239258
1.1029,-2.60460634711371
1.103,-2.60392676833809
1.1031,-2.6032476870863
1.1032,-2.60256910284638
1.1033,-2.601891015107
1.1034,-2.60121342335748
1.1035,-2.60053632708776
1.1036,-2.59985972578845
1.1037,-2.59918361895079
1.1038,-2.59850800606664
1.1039,-2.59783288662853
1.104,-2.5971582601296
1.1041,-2.59648412606363
1.1042,-2.59581048392506
1.1043,-2.59513733320892
1.1044,-2.59446467341091
1.1045,-2.59379250402735
1.1046,-2.59312082455518
1.1047,-2.592449634492
1.1048,-2.591778933336
1.1049,-2.59110872058603
1.105,-2.59043899574154
1.1051,-2.58976975830264
1.1052,-2.58910100777004
1.1053,-2.58843274364507
1.1054,-2.5877649654297
1.1055,-2.58709767262652
1.1056,-2.58643086473875
1.1057,-2.5857645412702
1.1058,-2.58509870172532
1.1059,-2.58443334560919
1.106,-2.58376847242749
1.1061,-2.58310408168653
1.1062,-2.58244017289322
1.1063,-2.58177674555509
1.1064,-2.5811137991803
1.1065,-2.5804513332776
1.1066,-2.57978934735637
1.1067,-2.5791278409266
1.1068,-2.57846681349889
1.1069,-2.57780626458443
1.107,-2.57714619369504
1.1071,-2.57648660034314
1.1072,-2.57582748404178
1.1073,-2.57516884430456
1.1074,-2.57451068064576
1.1075,-2.57385299258019
1.1076,-2.57319577962331
1.1077,-2.57253904129118
1.1078,-2.57188277710044
1.1079,-2.57122698656835
1.108,-2.57057166921276
1.1081,-2.56991682455211
1.1082,-2.56926245210547
1.1083,-2.56860855139247
1.1084,-2.56795512193336
1.1085,-2.56730216324898
1.1086,-2.56664967486075
1.1087,-2.5659976562907
1.1088,-2.56534610706145
1.1089,-2.56469502669622
1.109,-2.56404441471879
1.1091,-2.56339427065357
1.1092,-2.56274459402553
1.1093,-2.56209538436023
1.1094,-2.56144664118384
1.1095,-2.5607983640231
1.1096,-2.56015055240533
1.1097,-2.55950320585845
1.1098,-2.55885632391095
1.1099,-2.55820990609191
1.11,-2.55756395193099
1.1101,-2.55691846095844
1.1102,-2.55627343270508
1.1103,-2.55562886670231
1.1104,-2.55498476248212
1.1105,-2.55434111957705
1.1106,-2.55369793752026
1.1107,-2.55305521584545
1.1108,-2.5524129540869
1.1109,-2.55177115177949
1.111,-2.55112980845865
1.1111,-2.55048892366038
1.1112,-2.54984849692126
1.1113,-2.54920852777845
1.1114,-2.54856901576968
1.1115,-2.54792996043323
1.1116,-2.54729136130794
1.1117,-2.54665321793328
1.1118,-2.54601552984921
1.1119,-2.54537829659631
1.112,-2.5447415177157
1.1121,-2.54410519274906
1.1122,-2.54346932123866
1.1123,-2.5428339027273
1.1124,-2.54219893675837
1.1125,-2.5415644228758
1.1126,-2.5409303606241
1.1127,-2.54029674954832
1.1128,-2.53966358919408
1.1129,-2.53903087910756
1.113,-2.53839861883548
1.1131,-2.53776680792514
1.1132,-2.53713544592437
1.1133,-2.53650453238158
1.1134,-2.53587406684572
1.1135,-2.5352440488663
1.1136,-2.53461447799336
1.1137,-2.53398535377752
1.1138,-2.53335667576993
1.1139,-2.5327284435223
1.114,-2.5321006565869
1.1141,-2.53147331451651
1.1142,-2.5308464168645
1.1143,-2.53021996318477
1.1144,-2.52959395303175
1.1145,-2.52896838596043
1.1146,-2.52834326152635
1.1147,-2.52771857928559
1.1148,-2.52709433879476
1.1149,-2.52647053961101
1.115,-2.52584718129207
1.1151,-2.52522426339615
1.1152,-2.52460178548204
1.1153,-2.52397974710907
1.1154,-2.52335814783707
1.1155,-2.52273698722647
1.1156,-2.52211626483816
1.1157,-2.52149598023363
1.1158,-2.52087613297487
1.1159,-2.52025672262442
1.116,-2.51963774874533
1.1161,-2.51901921090121
1.1162,-2.51840110865618
1.1163,-2.51778344157492
1.1164,-2.51716620922259
1.1165,-2.51654941116493
1.1166,-2.51593304696818
1.1167,-2.51531711619912
1.1168,-2.51470161842504
1.1169,-2.51408655321378
1.117,-2.51347192013369
1.1171,-2.51285771875364
1.1172,-2.51224394864304
1.1173,-2.5116306093718
1.1174,-2.51101770051038
1.1175,-2.51040522162974
1.1176,-2.50979317230137
1.1177,-2.50918155209728
1.1178,-2.50857036059
1.1179,-2.50795959735257
1.118,-2.50734926195856
1.1181,-2.50673935398204
1.1182,-2.50612987299761
1.1183,-2.50552081858039
1.1184,-2.504912190306
1.1185,-2.50430398775058
1.1186,-2.50369621049078
1.1187,-2.50308885810378
1.1188,-2.50248193016725
1.1189,-2.50187542625937
1.119,-2.50126934595885
1.1191,-2.5006636888449
1.1192,-2.50005845449723
1.1193,-2.49945364249607
1.1194,-2.49884925242215
1.1195,-2.4982452838567
1.1196,-2.49764173638149
1.1197,-2.49703860957874
1.1198,-2.49643590303123
1.1199,-2.4958336163222
1.12,-2.49523174903542
1.1201,-2.49463030075515
1.1202,-2.49402927106615
1.1203,-2.49342865955369
1.1204,-2.49282846580354
1.1205,-2.49222868940195
1.1206,-2.4916293299357
1.1207,-2.49103038699204
1.1208,-2.49043186015873
1.1209,-2.48983374902402
1.121,-2.48923605317667
1.1211,-2.48863877220591
1.1212,-2.48804190570149
1.1213,-2.48744545325365
1.1214,-2.4868494144531
1.1215,-2.48625378889106
1.1216,-2.48565857615924
1.1217,-2.48506377584985
1.1218,-2.48446938755557
1.1219,-2.48387541086957
1.122,-2.48328184538554
1.1221,-2.48268869069762
1.1222,-2.48209594640045
1.1223,-2.48150361208916
1.1224,-2.48091168735938
1.1225,-2.4803201718072
1.1226,-2.4797290650292
1.1227,-2.47913836662245
1.1228,-2.4785480761845
1.1229,-2.47795819331339
1.123,-2.47736871760763
1.1231,-2.47677964866622
1.1232,-2.47619098608863
1.1233,-2.47560272947482
1.1234,-2.47501487842522
1.1235,-2.47442743254075
1.1236,-2.47384039142279
1.1237,-2.47325375467322
1.1238,-2.47266752189437
1.1239,-2.47208169268906
1.124,-2.4714962666606
1.1241,-2.47091124341274
1.1242,-2.47032662254972
1.1243,-2.46974240367627
1.1244,-2.46915858639756
1.1245,-2.46857517031925
1.1246,-2.46799215504747
1.1247,-2.46740954018882
1.1248,-2.46682732535037
1.1249,-2.46624551013965
1.125,-2.46566409416466
1.1251,-2.46508307703388
1.1252,-2.46450245835623
1.1253,-2.46392223774114
1.1254,-2.46334241479847
1.1255,-2.46276298913855
1.1256,-2.46218396037217
1.1257,-2.46160532811061
1.1258,-2.46102709196558
1.1259,-2.46044925154927
1.126,-2.45987180647433
1.1261,-2.45929475635386
1.1262,-2.45871810080145
1.1263,-2.4581418394311
1.1264,-2.45756597185732
1.1265,-2.45699049769504
1.1266,-2.45641541655967
1.1267,-2.45584072806706
1.1268,-2.45526643183354
1.1269,-2.45469252747586
1.127,-2.45411901461127
1.1271,-2.45354589285743
1.1272,-2.45297316183249
1.1273,-2.45240082115502
1.1274,-2.45182887044407
1.1275,-2.45125730931913
1.1276,-2.45068613740013
1.1277,-2.45011535430748
1.1278,-2.44954495966201
1.1279,-2.44897495308502
1.128,-2.44840533419823
1.1281,-2.44783610262385
1.1282,-2.4472672579845
1.1283,-2.44669879990327
1.1284,-2.44613072800368
1.1285,-2.4455630419097
1.1286,-2.44499574124576
1.1287,-2.4444288256367
1.1288,-2.44386229470784
1.1289,-2.44329614808493
1.129,-2.44273038539415
1.1291,-2.44216500626213
1.1292,-2.44160001031595
1.1293,-2.44103539718312
1.1294,-2.44047116649159
1.1295,-2.43990731786975
1.1296,-2.43934385094643
1.1297,-2.43878076535089
1.1298,-2.43821806071285
1.1299,-2.43765573666244
1.13,-2.43709379283024
1.1301,-2.43653222884726
1.1302,-2.43597104434495
1.1303,-2.4354102389552
1.1304,-2.43484981231031
1.1305,-2.43428976404303
1.1306,-2.43373009378654
1.1307,-2.43317080117446
1.1308,-2.43261188584083
1.1309,-2.43205334742011
1.131,-2.43149518554723
1.1311,-2.4309373998575
1.1312,-2.43037998998668
1.1313,-2.42982295557097
1.1314,-2.42926629624699
1.1315,-2.42871001165177
1.1316,-2.4281541014228
1.1317,-2.42759856519795
1.1318,-2.42704340261556
1.1319,-2.42648861331437
1.132,-2.42593419693355
1.1321,-2.42538015311268
1.1322,-2.42482648149179
1.1323,-2.42427318171131
1.1324,-2.4237202534121
1.1325,-2.42316769623545
1.1326,-2.42261550982304
1.1327,-2.42206369381701
1.1328,-2.42151224785988
1.1329,-2.42096117159462
1.133,-2.42041046466461
1.1331,-2.41986012671362
1.1332,-2.41931015738589
1.1333,-2.41876055632602
1.1334,-2.41821132317906
1.1335,-2.41766245759047
1.1336,-2.41711395920613
1.1337,-2.4165658276723
1.1338,-2.4160180626357
1.1339,-2.41547066374344
1.134,-2.41492363064304
1.1341,-2.41437696298242
1.1342,-2.41383066040995
1.1343,-2.41328472257437
1.1344,-2.41273914912485
1.1345,-2.41219393971098
1.1346,-2.41164909398272
1.1347,-2.41110461159049
1.1348,-2.41056049218506
1.1349,-2.41001673541766
1.135,-2.4094733409399
1.1351,-2.40893030840379
1.1352,-2.40838763746176
1.1353,-2.40784532776665
1.1354,-2.40730337897168
1.1355,-2.4067617907305
1.1356,-2.40622056269714
1.1357,-2.40567969452605
1.1358,-2.40513918587208
1.1359,-2.40459903639046
1.136,-2.40405924573686
1.1361,-2.40351981356731
1.1362,-2.40298073953827
1.1363,-2.40244202330658
1.1364,-2.40190366452949
1.1365,-2.40136566286464
1.1366,-2.40082801797008
1.1367,-2.40029072950423
1.1368,-2.39975379712595
1.1369,-2.39921722049445
1.137,-2.39868099926937
1.1371,-2.39814513311072
1.1372,-2.39760962167892
1.1373,-2.39707446463478
1.1374,-2.3965396616395
1.1375,-2.39600521235468
1.1376,-2.3954711164423
1.1377,-2.39493737356474
1.1378,-2.39440398338478
1.1379,-2.39387094556556
1.138,-2.39333825977065
1.1381,-2.39280592566397
1.1382,-2.39227394290986
1.1383,-2.39174231117304
1.1384,-2.39121103011861
1.1385,-2.39068009941205
1.1386,-2.39014951871926
1.1387,-2.38961928770648
1.1388,-2.38908940604038
1.1389,-2.38855987338798
1.139,-2.38803068941671
1.1391,-2.38750185379437
1.1392,-2.38697336618915
1.1393,-2.38644522626961
1.1394,-2.38591743370472
1.1395,-2.3853899881638
1.1396,-2.38486288931657
1.1397,-2.38433613683312
1.1398,-2.38380973038394
1.1399,-2.38328366963989
1.14,-2.38275795427219
1.1401,-2.38223258395246
1.1402,-2.3817075583527
1.1403,-2.38118287714528
1.1404,-2.38065854000295
1.1405,-2.38013454659882
1.1406,-2.37961089660641
1.1407,-2.37908758969959
1.1408,-2.37856462555262
1.1409,-2.37804200384011
1.141,-2.37751972423707
1.1411,-2.37699778641888
1.1412,-2.37647619006128
1.1413,-2.37595493484039
1.1414,-2.37543402043271
1.1415,-2.3749134465151
1.1416,-2.3743932127648
1.1417,-2.37387331885941
1.1418,-2.3733537644769
1.1419,-2.37283454929563
1.142,-2.3723156729943
1.1421,-2.37179713525201
1.1422,-2.3712789357482
1.1423,-2.37076107416268
1.1424,-2.37024355017566
1.1425,-2.36972636346767
1.1426,-2.36920951371964
1.1427,-2.36869300061285
1.1428,-2.36817682382895
1.1429,-2.36766098304995
1.143,-2.36714547795823
1.1431,-2.36663030823653
1.1432,-2.36611547356796
1.1433,-2.36560097363599
1.1434,-2.36508680812443
1.1435,-2.36457297671748
1.1436,-2.3640594790997
1.1437,-2.36354631495599
1.1438,-2.36303348397163
1.1439,-2.36252098583226
1.144,-2.36200882022384
1.1441,-2.36149698683275
1.1442,-2.36098548534569
1.1443,-2.36047431544972
1.1444,-2.35996347683226
1.1445,-2.3594529691811
1.1446,-2.35894279218437
1.1447,-2.35843294553056
1.1448,-2.35792342890852
1.1449,-2.35741424200744
1.145,-2.35690538451689
1.1451,-2.35639685612677
1.1452,-2.35588865652735
1.1453,-2.35538078540924
1.1454,-2.35487324246341
1.1455,-2.35436602738117
1.1456,-2.3538591398542
1.1457,-2.35335257957453
1.1458,-2.35284634623452
1.1459,-2.3523404395269
1.146,-2.35183485914473
1.1461,-2.35132960478145
1.1462,-2.35082467613081
1.1463,-2.35032007288693
1.1464,-2.34981579474429
1.1465,-2.3493118413977
1.1466,-2.3488082125423
1.1467,-2.34830490787361
1.1468,-2.34780192708748
1.1469,-2.34729926988011
1.147,-2.34679693594803
1.1471,-2.34629492498813
1.1472,-2.34579323669765
1.1473,-2.34529187077415
1.1474,-2.34479082691554
1.1475,-2.3442901048201
1.1476,-2.34378970418641
1.1477,-2.34328962471342
1.1478,-2.34278986610041
1.1479,-2.34229042804701
1.148,-2.34179131025317
1.1481,-2.34129251241921
1.1482,-2.34079403424577
1.1483,-2.34029587543382
1.1484,-2.33979803568469
1.1485,-2.33930051470003
1.1486,-2.33880331218184
1.1487,-2.33830642783246
1.1488,-2.33780986135454
1.1489,-2.3373136124511
1.149,-2.33681768082548
1.1491,-2.33632206618135
1.1492,-2.33582676822272
1.1493,-2.33533178665393
1.1494,-2.33483712117968
1.1495,-2.33434277150496
1.1496,-2.33384873733512
1.1497,-2.33335501837584
1.1498,-2.33286161433314
1.1499,-2.33236852491334
1.15,-2.33187574982312
1.1501,-2.3313832887695
1.1502,-2.33089114145978
1.1503,-2.33039930760166
1.1504,-2.3299077869031
1.1505,-2.32941657907245
1.1506,-2.32892568381834
1.1507,-2.32843510084975
1.1508,-2.32794482987599
1.1509,-2.3274548706067
1.151,-2.32696522275183
1.1511,-2.32647588602166
1.1512,-2.32598686012682
1.1513,-2.32549814477823
1.1514,-2.32500973968717
1.1515,-2.32452164456521
1.1516,-2.32403385912427
1.1517,-2.32354638307658
1.1518,-2.3230592161347
1.1519,-2.32257235801151
1.152,-2.32208580842022
1.1521,-2.32159956707435
1.1522,-2.32111363368775
1.1523,-2.32062800797458
1.1524,-2.32014268964934
1.1525,-2.31965767842682
1.1526,-2.31917297402218
1.1527,-2.31868857615084
1.1528,-2.31820448452858
1.1529,-2.31772069887149
1.153,-2.31723721889596
1.1531,-2.31675404431873
1.1532,-2.31627117485682
1.1533,-2.3157886102276
1.1534,-2.31530635014873
1.1535,-2.31482439433822
1.1536,-2.31434274251435
1.1537,-2.31386139439575
1.1538,-2.31338034970136
1.1539,-2.31289960815042
1.154,-2.31241916946249
1.1541,-2.31193903335746
1.1542,-2.31145919955551
1.1543,-2.31097966777715
1.1544,-2.31050043774317
1.1545,-2.31002150917473
1.1546,-2.30954288179324
1.1547,-2.30906455532046
1.1548,-2.30858652947846
1.1549,-2.30810880398959
1.155,-2.30763137857653
1.1551,-2.30715425296229
1.1552,-2.30667742687015
1.1553,-2.30620090002372
1.1554,-2.30572467214691
1.1555,-2.30524874296396
1.1556,-2.30477311219938
1.1557,-2.30429777957802
1.1558,-2.30382274482501
1.1559,-2.30334800766581
1.156,-2.30287356782618
1.1561,-2.30239942503216
1.1562,-2.30192557901014
1.1563,-2.30145202948677
1.1564,-2.30097877618904
1.1565,-2.30050581884422
1.1566,-2.30003315717989
1.1567,-2.29956079092394
1.1568,-2.29908871980454
1.1569,-2.2986169435502
1.157,-2.29814546188971
1.1571,-2.29767427455215
1.1572,-2.29720338126692
1.1573,-2.2967327817637
1.1574,-2.29626247577251
1.1575,-2.29579246302362
1.1576,-2.29532274324763
1.1577,-2.29485331617544
1.1578,-2.29438418153823
1.1579,-2.2939153390675
1.158,-2.29344678849502
1.1581,-2.29297852955289
1.1582,-2.29251056197348
1.1583,-2.29204288548947
1.1584,-2.29157549983384
1.1585,-2.29110840473985
1.1586,-2.29064159994107
1.1587,-2.29017508517136
1.1588,-2.28970886016488
1.1589,-2.28924292465607
1.159,-2.28877727837968
1.1591,-2.28831192107075
1.1592,-2.28784685246459
1.1593,-2.28738207229684
1.1594,-2.28691758030342
1.1595,-2.28645337622052
1.1596,-2.28598945978466
1.1597,-2.28552583073261
1.1598,-2.28506248880146
1.1599,-2.28459943372857
1.16,-2.28413666525162
1.1601,-2.28367418310855
1.1602,-2.2832119870376
1.1603,-2.2827500767773
1.1604,-2.28228845206647
1.1605,-2.28182711264422
1.1606,-2.28136605824994
1.1607,-2.2809052886233
1.1608,-2.28044480350429
1.1609,-2.27998460263315
1.161,-2.27952468575043
1.1611,-2.27906505259695
1.1612,-2.27860570291383
1.1613,-2.27814663644247
1.1614,-2.27768785292454
1.1615,-2.27722935210202
1.1616,-2.27677113371716
1.1617,-2.2763131975125
1.1618,-2.27585554323084
1.1619,-2.2753981706153
1.162,-2.27494107940926
1.1621,-2.27448426935639
1.1622,-2.27402774020063
1.1623,-2.27357149168622
1.1624,-2.27311552355767
1.1625,-2.27265983555976
1.1626,-2.27220442743758
1.1627,-2.27174929893647
1.1628,-2.27129444980207
1.1629,-2.27083987978029
1.163,-2.27038558861732
1.1631,-2.26993157605963
1.1632,-2.26947784185396
1.1633,-2.26902438574735
1.1634,-2.2685712074871
1.1635,-2.26811830682078
1.1636,-2.26766568349625
1.1637,-2.26721333726165
1.1638,-2.2667612678654
1.1639,-2.26630947505616
1.164,-2.26585795858291
1.1641,-2.26540671819487
1.1642,-2.26495575364157
1.1643,-2.26450506467278
1.1644,-2.26405465103857
1.1645,-2.26360451248927
1.1646,-2.26315464877547
1.1647,-2.26270505964807
1.1648,-2.26225574485822
1.1649,-2.26180670415733
1.165,-2.26135793729709
1.1651,-2.2609094440295
1.1652,-2.26046122410676
1.1653,-2.26001327728141
1.1654,-2.2595656033062
1.1655,-2.25911820193421
1.1656,-2.25867107291874
1.1657,-2.25822421601338
1.1658,-2.25777763097199
1.1659,-2.2573313175487
1.166,-2.2568852754979
1.1661,-2.25643950457425
1.1662,-2.2559940045327
1.1663,-2.25554877512842
1.1664,-2.2551038161169
1.1665,-2.25465912725385
1.1666,-2.25421470829528
1.1667,-2.25377055899745
1.1668,-2.25332667911689
1.1669,-2.2528830684104
1.167,-2.25243972663504
1.1671,-2.25199665354812
1.1672,-2.25155384890724
1.1673,-2.25111131247026
1.1674,-2.25066904399528
1.1675,-2.25022704324069
1.1676,-2.24978530996513
1.1677,-2.2493438439275
1.1678,-2.24890264488697
1.1679,-2.24846171260298
1.168,-2.2480210468352
1.1681,-2.2475806473436
1.1682,-2.24714051388839
1.1683,-2.24670064623002
1.1684,-2.24626104412926
1.1685,-2.24582170734708
1.1686,-2.24538263564474
1.1687,-2.24494382878375
1.1688,-2.24450528652589
1.1689,-2.24406700863318
1.169,-2.24362899486791
1.1691,-2.24319124499262
1.1692,-2.24275375877012
1.1693,-2.24231653596348
1.1694,-2.24187957633601
1.1695,-2.24144287965128
1.1696,-2.24100644567312
1.1697,-2.24057027416562
1.1698,-2.24013436489313
1.1699,-2.23969871762024
1.17,-2.2392633321118
1.1701,-2.23882820813292
1.1702,-2.23839334544896
1.1703,-2.23795874382554
1.1704,-2.23752440302853
1.1705,-2.23709032282404
1.1706,-2.23665650297846
1.1707,-2.23622294325841
1.1708,-2.23578964343078
1.1709,-2.23535660326269
1.171,-2.23492382252154
1.1711,-2.23449130097495
1.1712,-2.23405903839081
1.1713,-2.23362703453727
1.1714,-2.23319528918271
1.1715,-2.23276380209576
1.1716,-2.23233257304532
1.1717,-2.23190160180053
1.1718,-2.23147088813077
1.1719,-2.23104043180568
1.172,-2.23061023259513
1.1721,-2.23018029026928
1.1722,-2.22975060459849
1.1723,-2.2293211753534
1.1724,-2.22889200230487
1.1725,-2.22846308522404
1.1726,-2.22803442388228
1.1727,-2.22760601805118
1.1728,-2.22717786750263
1.1729,-2.22674997200873
1.173,-2.22632233134183
1.1731,-2.22589494527453
1.1732,-2.22546781357967
1.1733,-2.22504093603033
1.1734,-2.22461431239986
1.1735,-2.22418794246183
1.1736,-2.22376182599005
1.1737,-2.2233359627586
1.1738,-2.22291035254176
1.1739,-2.2224849951141
1.174,-2.22205989025041
1.1741,-2.22163503772571
1.1742,-2.22121043731528
1.1743,-2.22078608879463
1.1744,-2.22036199193953
1.1745,-2.21993814652597
1.1746,-2.21951455233019
1.1747,-2.21909120912867
1.1748,-2.21866811669813
1.1749,-2.21824527481552
1.175,-2.21782268325804
1.1751,-2.21740034180314
1.1752,-2.21697825022847
1.1753,-2.21655640831197
1.1754,-2.21613481583178
1.1755,-2.21571347256628
1.1756,-2.21529237829412
1.1757,-2.21487153279415
1.1758,-2.21445093584547
1.1759,-2.21403058722742
1.176,-2.21361048671958
1.1761,-2.21319063410176
1.1762,-2.212771029154
1.1763,-2.21235167165658
1.1764,-2.21193256139003
1.1765,-2.21151369813509
1.1766,-2.21109508167275
1.1767,-2.21067671178423
1.1768,-2.21025858825098
1.1769,-2.2098407108547
1.177,-2.2094230793773
1.1771,-2.20900569360095
1.1772,-2.20858855330802
1.1773,-2.20817165828114
1.1774,-2.20775500830316
1.1775,-2.20733860315717
1.1776,-2.20692244262647
1.1777,-2.20650652649463
1.1778,-2.20609085454541
1.1779,-2.20567542656283
1.178,-2.20526024233112
1.1781,-2.20484530163477
1.1782,-2.20443060425845
1.1783,-2.20401614998711
1.1784,-2.20360193860591
1.1785,-2.20318796990023
1.1786,-2.20277424365569
1.1787,-2.20236075965813
1.1788,-2.20194751769364
1.1789,-2.2015345175485
1.179,-2.20112175900925
1.1791,-2.20070924186265
1.1792,-2.20029696589568
1.1793,-2.19988493089554
1.1794,-2.19947313664969
1.1795,-2.19906158294577
1.1796,-2.19865026957168
1.1797,-2.19823919631554
1.1798,-2.19782836296568
1.1799,-2.19741776931067
1.18,-2.1970074151393
1.1801,-2.19659730024058
1.1802,-2.19618742440376
1.1803,-2.19577778741829
1.1804,-2.19536838907387
1.1805,-2.1949592291604
1.1806,-2.19455030746801
1.1807,-2.19414162378707
1.1808,-2.19373317790815
1.1809,-2.19332496962206
1.181,-2.19291699871981
1.1811,-2.19250926499265
1.1812,-2.19210176823204
1.1813,-2.19169450822969
1.1814,-2.19128748477749
1.1815,-2.19088069766757
1.1816,-2.19047414669229
1.1817,-2.19006783164421
1.1818,-2.18966175231612
1.1819,-2.18925590850104
1.182,-2.18885029999219
1.1821,-2.18844492658303
1.1822,-2.1880397880672
1.1823,-2.18763488423861
1.1824,-2.18723021489137
1.1825,-2.18682577981977
1.1826,-2.18642157881837
1.1827,-2.18601761168193
1.1828,-2.18561387820541
1.1829,-2.18521037818402
1.183,-2.18480711141315
1.1831,-2.18440407768843
1.1832,-2.18400127680569
1.1833,-2.18359870856101
1.1834,-2.18319637275064
1.1835,-2.18279426917108
1.1836,-2.18239239761902
1.1837,-2.18199075789138
1.1838,-2.1815893497853
1.1839,-2.18118817309811
1.184,-2.18078722762739
1.1841,-2.18038651317089
1.1842,-2.17998602952662
1.1843,-2.17958577649276
1.1844,-2.17918575386773
1.1845,-2.17878596145015
1.1846,-2.17838639903887
1.1847,-2.17798706643294
1.1848,-2.17758796343161
1.1849,-2.17718908983436
1.185,-2.17679044544088
1.1851,-2.17639203005105
1.1852,-2.175993843465
1.1853,-2.17559588548302
1.1854,-2.17519815590566
1.1855,-2.17480065453366
1.1856,-2.17440338116795
1.1857,-2.1740063356097
1.1858,-2.17360951766027
1.1859,-2.17321292712124
1.186,-2.1728165637944
1.1861,-2.17242042748173
1.1862,-2.17202451798544
1.1863,-2.17162883510794
1.1864,-2.17123337865185
1.1865,-2.17083814841999
1.1866,-2.17044314421539
1.1867,-2.1700483658413
1.1868,-2.16965381310116
1.1869,-2.16925948579861
1.187,-2.16886538373753
1.1871,-2.16847150672198
1.1872,-2.16807785455621
1.1873,-2.16768442704473
1.1874,-2.1672912239922
1.1875,-2.16689824520351
1.1876,-2.16650549048375
1.1877,-2.16611295963822
1.1878,-2.16572065247242
1.1879,-2.16532856879205
1.188,-2.16493670840303
1.1881,-2.16454507111145
1.1882,-2.16415365672365
1.1883,-2.16376246504613
1.1884,-2.16337149588562
1.1885,-2.16298074904904
1.1886,-2.16259022434351
1.1887,-2.16219992157637
1.1888,-2.16180984055514
1.1889,-2.16141998108755
1.189,-2.16103034298154
1.1891,-2.16064092604524
1.1892,-2.16025173008698
1.1893,-2.15986275491531
1.1894,-2.15947400033895
1.1895,-2.15908546616684
1.1896,-2.15869715220811
1.1897,-2.1583090582721
1.1898,-2.15792118416835
1.1899,-2.15753352970659
1.19,-2.15714609469675
1.1901,-2.15675887894896
1.1902,-2.15637188227355
1.1903,-2.15598510448104
1.1904,-2.15559854538218
1.1905,-2.15521220478787
1.1906,-2.15482608250924
1.1907,-2.1544401783576
1.1908,-2.15405449214448
1.1909,-2.15366902368159
1.191,-2.15328377278082
1.1911,-2.15289873925429
1.1912,-2.15251392291429
1.1913,-2.15212932357333
1.1914,-2.1517449410441
1.1915,-2.15136077513948
1.1916,-2.15097682567255
1.1917,-2.1505930924566
1.1918,-2.15020957530509
1.1919,-2.14982627403169
1.192,-2.14944318845027
1.1921,-2.14906031837487
1.1922,-2.14867766361974
1.1923,-2.14829522399933
1.1924,-2.14791299932827
1.1925,-2.1475309894214
1.1926,-2.14714919409372
1.1927,-2.14676761316045
1.1928,-2.146386246437
1.1929,-2.14600509373897
1.193,-2.14562415488214
1.1931,-2.1452434296825
1.1932,-2.14486291795622
1.1933,-2.14448261951966
1.1934,-2.14410253418938
1.1935,-2.14372266178212
1.1936,-2.14334300211482
1.1937,-2.1429635550046
1.1938,-2.14258432026878
1.1939,-2.14220529772487
1.194,-2.14182648719056
1.1941,-2.14144788848374
1.1942,-2.14106950142247
1.1943,-2.14069132582503
1.1944,-2.14031336150986
1.1945,-2.13993560829561
1.1946,-2.1395580660011
1.1947,-2.13918073444534
1.1948,-2.13880361344755
1.1949,-2.13842670282711
1.195,-2.1380500024036
1.1951,-2.13767351199679
1.1952,-2.13729723142663
1.1953,-2.13692116051325
1.1954,-2.13654529907699
1.1955,-2.13616964693836
1.1956,-2.13579420391806
1.1957,-2.13541896983696
1.1958,-2.13504394451613
1.1959,-2.13466912777684
1.196,-2.13429451944052
1.1961,-2.13392011932879
1.1962,-2.13354592726347
1.1963,-2.13317194306655
1.1964,-2.1327981665602
1.1965,-2.13242459756679
1.1966,-2.13205123590886
1.1967,-2.13167808140914
1.1968,-2.13130513389055
1.1969,-2.13093239317618
1.197,-2.1305598590893
1.1971,-2.13018753145339
1.1972,-2.12981541009207
1.1973,-2.12944349482919
1.1974,-2.12907178548874
1.1975,-2.12870028189493
1.1976,-2.1283289838721
1.1977,-2.12795789124483
1.1978,-2.12758700383784
1.1979,-2.12721632147605
1.198,-2.12684584398455
1.1981,-2.12647557118863
1.1982,-2.12610550291373
1.1983,-2.1257356389855
1.1984,-2.12536597922975
1.1985,-2.12499652347247
1.1986,-2.12462727153985
1.1987,-2.12425822325824
1.1988,-2.12388937845417
1.1989,-2.12352073695435
1.199,-2.12315229858568
1.1991,-2.12278406317522
1.1992,-2.12241603055022
1.1993,-2.12204820053812
1.1994,-2.12168057296651
1.1995,-2.12131314766318
1.1996,-2.12094592445608
1.1997,-2.12057890317335
1.1998,-2.1202120836433
1.1999,-2.11984546569443
1.2,-2.11947904915539
1.2001,-2.11911283385504
1.2002,-2.11874681962239
1.2003,-2.11838100628664
1.2004,-2.11801539367714
1.2005,-2.11764998162346
1.2006,-2.11728476995531
1.2007,-2.1169197585026
1.2008,-2.11655494709538
1.2009,-2.1161903355639
1.201,-2.1158259237386
1.2011,-2.11546171145005
1.2012,-2.11509769852903
1.2013,-2.11473388480648
1.2014,-2.11437027011353
1.2015,-2.11400685428144
1.2016,-2.1136436371417
1.2017,-2.11328061852593
1.2018,-2.11291779826595
1.2019,-2.11255517619373
1.202,-2.11219275214144
1.2021,-2.11183052594138
1.2022,-2.11146849742608
1.2023,-2.11110666642819
1.2024,-2.11074503278055
1.2025,-2.11038359631618
1.2026,-2.11002235686826
1.2027,-2.10966131427015
1.2028,-2.10930046835537
1.2029,-2.10893981895763
1.203,-2.10857936591078
1.2031,-2.10821910904887
1.2032,-2.1078590482061
1.2033,-2.10749918321685
1.2034,-2.10713951391567
1.2035,-2.10678004013727
1.2036,-2.10642076171654
1.2037,-2.10606167848854
1.2038,-2.10570279028848
1.2039,-2.10534409695176
1.204,-2.10498559831394
1.2041,-2.10462729421075
1.2042,-2.10426918447809
1.2043,-2.10391126895201
1.2044,-2.10355354746876
1.2045,-2.10319601986474
1.2046,-2.1028386859765
1.2047,-2.1024815456408
1.2048,-2.10212459869451
1.2049,-2.10176784497473
1.205,-2.10141128431867
1.2051,-2.10105491656374
1.2052,-2.10069874154751
1.2053,-2.10034275910771
1.2054,-2.09998696908224
1.2055,-2.09963137130916
1.2056,-2.09927596562671
1.2057,-2.09892075187327
1.2058,-2.09856572988741
1.2059,-2.09821089950785
1.206,-2.09785626057349
1.2061,-2.09750181292337
1.2062,-2.09714755639671
1.2063,-2.0967934908329
1.2064,-2.09643961607147
1.2065,-2.09608593195215
1.2066,-2.09573243831479
1.2067,-2.09537913499945
1.2068,-2.09502602184631
1.2069,-2.09467309869574
1.207,-2.09432036538827
1.2071,-2.09396782176457
1.2072,-2.09361546766551
1.2073,-2.09326330293209
1.2074,-2.09291132740548
1.2075,-2.09255954092703
1.2076,-2.09220794333823
1.2077,-2.09185653448073
1.2078,-2.09150531419636
1.2079,-2.09115428232709
1.208,-2.09080343871508
1.2081,-2.09045278320261
1.2082,-2.09010231563216
1.2083,-2.08975203584634
1.2084,-2.08940194368795
1.2085,-2.08905203899991
1.2086,-2.08870232162534
1.2087,-2.08835279140749
1.2088,-2.0880034481898
1.2089,-2.08765429181583
1.209,-2.08730532212933
1.2091,-2.0869565389742
1.2092,-2.0866079421945
1.2093,-2.08625953163443
1.2094,-2.08591130713838
1.2095,-2.08556326855088
1.2096,-2.0852154157166
1.2097,-2.08486774848042
1.2098,-2.08452026668733
1.2099,-2.08417297018248
1.21,-2.08382585881121
1.2101,-2.08347893241898
1.2102,-2.08313219085144
1.2103,-2.08278563395437
1.2104,-2.08243926157371
1.2105,-2.08209307355558
1.2106,-2.08174706974623
1.2107,-2.08140124999208
1.2108,-2.08105561413969
1.2109,-2.0807101620358
1.211,-2.08036489352728
1.2111,-2.08001980846117
1.2112,-2.07967490668467
1.2113,-2.07933018804512
1.2114,-2.07898565239002
1.2115,-2.07864129956703
1.2116,-2.07829712942396
1.2117,-2.07795314180877
1.2118,-2.07760933656959
1.2119,-2.07726571355468
1.212,-2.07692227261248
1.2121,-2.07657901359156
1.2122,-2.07623593634065
1.2123,-2.07589304070863
1.2124,-2.07555032654456
1.2125,-2.07520779369762
1.2126,-2.07486544201716
1.2127,-2.07452327135267
1.2128,-2.07418128155379
1.2129,-2.07383947247035
1.213,-2.07349784395227
1.2131,-2.07315639584968
1.2132,-2.07281512801282
1.2133,-2.07247404029211
1.2134,-2.07213313253809
1.2135,-2.07179240460149
1.2136,-2.07145185633317
1.2137,-2.07111148758413
1.2138,-2.07077129820554
1.2139,-2.0704312880487
1.214,-2.07009145696509
1.2141,-2.06975180480631
1.2142,-2.06941233142413
1.2143,-2.06907303667046
1.2144,-2.06873392039736
1.2145,-2.06839498245705
1.2146,-2.06805622270187
1.2147,-2.06771764098435
1.2148,-2.06737923715713
1.2149,-2.06704101107304
1.215,-2.06670296258501
1.2151,-2.06636509154616
1.2152,-2.06602739780974
1.2153,-2.06568988122914
1.2154,-2.06535254165792
1.2155,-2.06501537894977
1.2156,-2.06467839295853
1.2157,-2.06434158353819
1.2158,-2.0640049505429
1.2159,-2.06366849382692
1.216,-2.06333221324471
1.2161,-2.06299610865082
1.2162,-2.0626601799
1.2163,-2.0623244268471
1.2164,-2.06198884934715
1.2165,-2.0616534472553
1.2166,-2.06131822042687
1.2167,-2.06098316871731
1.2168,-2.06064829198223
1.2169,-2.06031359007735
1.217,-2.05997906285859
1.2171,-2.05964471018197
1.2172,-2.05931053190367
1.2173,-2.05897652788002
1.2174,-2.05864269796749
1.2175,-2.05830904202269
1.2176,-2.05797555990238
1.2177,-2.05764225146346
1.2178,-2.05730911656298
1.2179,-2.05697615505813
1.218,-2.05664336680624
1.2181,-2.05631075166479
1.2182,-2.0559783094914
1.2183,-2.05564604014383
1.2184,-2.05531394348
1.2185,-2.05498201935794
1.2186,-2.05465026763585
1.2187,-2.05431868817207
1.2188,-2.05398728082506
1.2189,-2.05365604545346
1.219,-2.05332498191602
1.2191,-2.05299409007164
1.2192,-2.05266336977937
1.2193,-2.05233282089839
1.2194,-2.05200244328803
1.2195,-2.05167223680776
1.2196,-2.05134220131718
1.2197,-2.05101233667605
1.2198,-2.05068264274426
1.2199,-2.05035311938184
1.22,-2.05002376644896
1.2201,-2.04969458380594
1.2202,-2.04936557131322
1.2203,-2.0490367288314
1.2204,-2.04870805622121
1.2205,-2.04837955334352
1.2206,-2.04805122005934
1.2207,-2.04772305622983
1.2208,-2.04739506171627
1.2209,-2.04706723638009
1.221,-2.04673958008286
1.2211,-2.04641209268628
1.2212,-2.04608477405221
1.2213,-2.04575762404262
1.2214,-2.04543064251963
1.2215,-2.0451038293455
1.2216,-2.04477718438264
1.2217,-2.04445070749357
1.2218,-2.04412439854098
1.2219,-2.04379825738766
1.222,-2.04347228389657
1.2221,-2.04314647793079
1.2222,-2.04282083935355
1.2223,-2.04249536802819
1.2224,-2.04217006381823
1.2225,-2.04184492658729
1.2226,-2.04151995619914
1.2227,-2.04119515251768
1.2228,-2.04087051540695
1.2229,-2.04054604473114
1.223,-2.04022174035455
1.2231,-2.03989760214164
1.2232,-2.03957362995698
1.2233,-2.03924982366529
1.2234,-2.03892618313145
1.2235,-2.03860270822041
1.2236,-2.03827939879732
1.2237,-2.03795625472744
1.2238,-2.03763327587616
1.2239,-2.037310462109
1.224,-2.03698781329163
1.2241,-2.03666532928985
1.2242,-2.03634300996959
1.2243,-2.0360208551969
1.2244,-2.035698864838
1.2245,-2.03537703875922
1.2246,-2.03505537682701
1.2247,-2.03473387890798
1.2248,-2.03441254486886
1.2249,-2.03409137457651
1.225,-2.03377036789794
1.2251,-2.03344952470028
1.2252,-2.03312884485078
1.2253,-2.03280832821684
1.2254,-2.032487974666
1.2255,-2.03216778406592
1.2256,-2.03184775628437
1.2257,-2.0315278911893
1.2258,-2.03120818864875
1.2259,-2.03088864853091
1.226,-2.0305692707041
1.2261,-2.03025005503678
1.2262,-2.02993100139752
1.2263,-2.02961210965503
1.2264,-2.02929337967816
1.2265,-2.02897481133588
1.2266,-2.02865640449731
1.2267,-2.02833815903166
1.2268,-2.02802007480831
1.2269,-2.02770215169674
1.227,-2.0273843895666
1.2271,-2.02706678828763
1.2272,-2.02674934772972
1.2273,-2.02643206776288
1.2274,-2.02611494825725
1.2275,-2.02579798908312
1.2276,-2.02548119011087
1.2277,-2.02516455121105
1.2278,-2.02484807225431
1.2279,-2.02453175311144
1.228,-2.02421559365336
1.2281,-2.02389959375111
1.2282,-2.02358375327588
1.2283,-2.02326807209896
1.2284,-2.02295255009178
1.2285,-2.0226371871259
1.2286,-2.02232198307301
1.2287,-2.02200693780492
1.2288,-2.02169205119357
1.2289,-2.02137732311103
1.229,-2.02106275342951
1.2291,-2.02074834202131
1.2292,-2.02043408875889
1.2293,-2.02011999351482
1.2294,-2.01980605616182
1.2295,-2.01949227657271
1.2296,-2.01917865462044
1.2297,-2.0188651901781
1.2298,-2.0185518831189
1.2299,-2.01823873331617
1.23,-2.01792574064337
1.2301,-2.01761290497409
1.2302,-2.01730022618204
1.2303,-2.01698770414106
1.2304,-2.0166753387251
1.2305,-2.01636312980826
1.2306,-2.01605107726476
1.2307,-2.01573918096891
1.2308,-2.0154274407952
1.2309,-2.01511585661821
1.231,-2.01480442831264
1.2311,-2.01449315575333
1.2312,-2.01418203881525
1.2313,-2.01387107737347
1.2314,-2.01356027130321
1.2315,-2.0132496204798
1.2316,-2.01293912477869
1.2317,-2.01262878407546
1.2318,-2.01231859824581
1.2319,-2.01200856716557
1.232,-2.01169869071069
1.2321,-2.01138896875724
1.2322,-2.01107940118142
1.2323,-2.01076998785954
1.2324,-2.01046072866804
1.2325,-2.0101516234835
1.2326,-2.00984267218258
1.2327,-2.00953387464209
1.2328,-2.00922523073898
1.2329,-2.00891674035029
1.233,-2.00860840335318
1.2331,-2.00830021962497
1.2332,-2.00799218904306
1.2333,-2.00768431148499
1.2334,-2.00737658682843
1.2335,-2.00706901495114
1.2336,-2.00676159573104
1.2337,-2.00645432904615
1.2338,-2.00614721477461
1.2339,-2.00584025279468
1.234,-2.00553344298474
1.2341,-2.00522678522332
1.2342,-2.00492027938901
1.2343,-2.00461392536059
1.2344,-2.00430772301691
1.2345,-2.00400167223694
1.2346,-2.00369577289981
1.2347,-2.00339002488474
1.2348,-2.00308442807107
1.2349,-2.00277898233825
1.235,-2.00247368756589
1.2351,-2.00216854363367
1.2352,-2.00186355042143
1.2353,-2.00155870780909
1.2354,-2.00125401567673
1.2355,-2.00094947390451
1.2356,-2.00064508237273
1.2357,-2.00034084096181
1.2358,-2.00003674955229
1.2359,-1.9997328080248
1.236,-1.99942901626012
1.2361,-1.99912537413914
1.2362,-1.99882188154286
1.2363,-1.99851853835241
1.2364,-1.99821534444901
1.2365,-1.99791229971404
1.2366,-1.99760940402897
1.2367,-1.99730665727538
1.2368,-1.99700405933498
1.2369,-1.9967016100896
1.237,-1.99639930942119
1.2371,-1.9960971572118
1.2372,-1.9957951533436
1.2373,-1.9954932976989
1.2374,-1.99519159016009
1.2375,-1.9948900306097
1.2376,-1.99458861893037
1.2377,-1.99428735500486
1.2378,-1.99398623871604
1.2379,-1.99368526994689
1.238,-1.99338444858053
1.2381,-1.99308377450016
1.2382,-1.99278324758913
1.2383,-1.99248286773088
1.2384,-1.99218263480897
1.2385,-1.99188254870709
1.2386,-1.99158260930903
1.2387,-1.99128281649869
1.2388,-1.99098317016011
1.2389,-1.99068367017741
1.239,-1.99038431643486
1.2391,-1.99008510881681
1.2392,-1.98978604720774
1.2393,-1.98948713149227
1.2394,-1.98918836155507
1.2395,-1.98888973728099
1.2396,-1.98859125855496
1.2397,-1.98829292526202
1.2398,-1.98799473728734
1.2399,-1.98769669451619
1.24,-1.98739879683397
1.2401,-1.98710104412617
1.2402,-1.98680343627842
1.2403,-1.98650597317642
1.2404,-1.98620865470603
1.2405,-1.98591148075321
1.2406,-1.98561445120401
1.2407,-1.98531756594461
1.2408,-1.9850208248613
1.2409,-1.98472422784049
1.241,-1.98442777476868
1.2411,-1.98413146553251
1.2412,-1.98383530001871
1.2413,-1.98353927811413
1.2414,-1.98324339970573
1.2415,-1.98294766468058
1.2416,-1.98265207292587
1.2417,-1.98235662432888
1.2418,-1.98206131877704
1.2419,-1.98176615615784
1.242,-1.98147113635892
1.2421,-1.98117625926802
1.2422,-1.98088152477298
1.2423,-1.98058693276176
1.2424,-1.98029248312244
1.2425,-1.97999817574319
1.2426,-1.9797040105123
1.2427,-1.97940998731817
1.2428,-1.97911610604931
1.2429,-1.97882236659435
1.243,-1.978528768842
1.2431,-1.9782353126811
1.2432,-1.97794199800061
1.2433,-1.97764882468959
1.2434,-1.97735579263719
1.2435,-1.9770629017327
1.2436,-1.97677015186549
1.2437,-1.97647754292506
1.2438,-1.97618507480102
1.2439,-1.97589274738307
1.244,-1.97560056056104
1.2441,-1.97530851422485
1.2442,-1.97501660826453
1.2443,-1.97472484257024
1.2444,-1.97443321703222
1.2445,-1.97414173154084
1.2446,-1.97385038598655
1.2447,-1.97355918025995
1.2448,-1.97326811425171
1.2449,-1.97297718785261
1.245,-1.97268640095357
1.2451,-1.9723957534456
1.2452,-1.97210524521978
1.2453,-1.97181487616736
1.2454,-1.97152464617966
1.2455,-1.9712345551481
1.2456,-1.97094460296424
1.2457,-1.97065478951972
1.2458,-1.97036511470629
1.2459,-1.97007557841581
1.246,-1.96978618054026
1.2461,-1.9694969209717
1.2462,-1.9692077996023
1.2463,-1.96891881632437
1.2464,-1.96862997103028
1.2465,-1.96834126361254
1.2466,-1.96805269396374
1.2467,-1.9677642619766
1.2468,-1.96747596754392
1.2469,-1.96718781055863
1.247,-1.96689979091375
1.2471,-1.96661190850241
1.2472,-1.96632416321785
1.2473,-1.96603655495339
1.2474,-1.96574908360249
1.2475,-1.96546174905869
1.2476,-1.96517455121565
1.2477,-1.96488748996713
1.2478,-1.96460056520698
1.2479,-1.96431377682918
1.248,-1.96402712472779
1.2481,-1.96374060879698
1.2482,-1.96345422893104
1.2483,-1.96316798502435
1.2484,-1.9628818769714
1.2485,-1.96259590466676
1.2486,-1.96231006800514
1.2487,-1.96202436688134
1.2488,-1.96173880119025
1.2489,-1.96145337082687
1.249,-1.96116807568632
1.2491,-1.9608829156638
1.2492,-1.96059789065462
1.2493,-1.9603130005542
1.2494,-1.96002824525805
1.2495,-1.95974362466181
1.2496,-1.95945913866117
1.2497,-1.95917478715199
1.2498,-1.95889057003017
1.2499,-1.95860648719176
1.25,-1.95832253853287
1.2501,-1.95803872394976
1.2502,-1.95775504333874
1.2503,-1.95747149659626
1.2504,-1.95718808361886
1.2505,-1.95690480430317
1.2506,-1.95662165854595
1.2507,-1.95633864624402
1.2508,-1.95605576729434
1.2509,-1.95577302159396
1.251,-1.95549040904001
1.2511,-1.95520792952974
1.2512,-1.95492558296052
1.2513,-1.95464336922977
1.2514,-1.95436128823506
1.2515,-1.95407933987403
1.2516,-1.95379752404444
1.2517,-1.95351584064413
1.2518,-1.95323428957105
1.2519,-1.95295287072327
1.252,-1.95267158399892
1.2521,-1.95239042929626
1.2522,-1.95210940651365
1.2523,-1.95182851554952
1.2524,-1.95154775630244
1.2525,-1.95126712867106
1.2526,-1.95098663255411
1.2527,-1.95070626785046
1.2528,-1.95042603445904
1.2529,-1.95014593227891
1.253,-1.94986596120921
1.2531,-1.94958612114919
1.2532,-1.94930641199819
1.2533,-1.94902683365566
1.2534,-1.94874738602112
1.2535,-1.94846806899424
1.2536,-1.94818888247474
1.2537,-1.94790982636245
1.2538,-1.94763090055732
1.2539,-1.94735210495938
1.254,-1.94707343946875
1.2541,-1.94679490398568
1.2542,-1.94651649841048
1.2543,-1.94623822264357
1.2544,-1.94596007658549
1.2545,-1.94568206013684
1.2546,-1.94540417319835
1.2547,-1.94512641567084
1.2548,-1.94484878745521
1.2549,-1.94457128845247
1.255,-1.94429391856373
1.2551,-1.94401667769019
1.2552,-1.94373956573315
1.2553,-1.94346258259401
1.2554,-1.94318572817426
1.2555,-1.94290900237549
1.2556,-1.94263240509939
1.2557,-1.94235593624774
1.2558,-1.94207959572242
1.2559,-1.9418033834254
1.256,-1.94152729925876
1.2561,-1.94125134312466
1.2562,-1.94097551492537
1.2563,-1.94069981456324
1.2564,-1.94042424194073
1.2565,-1.94014879696039
1.2566,-1.93987347952487
1.2567,-1.93959828953691
1.2568,-1.93932322689934
1.2569,-1.9390482915151
1.257,-1.93877348328721
1.2571,-1.9384988021188
1.2572,-1.93822424791308
1.2573,-1.93794982057336
1.2574,-1.93767552000306
1.2575,-1.93740134610567
1.2576,-1.93712729878479
1.2577,-1.93685337794411
1.2578,-1.93657958348741
1.2579,-1.93630591531858
1.258,-1.93603237334159
1.2581,-1.9357589574605
1.2582,-1.93548566757948
1.2583,-1.93521250360278
1.2584,-1.93493946543475
1.2585,-1.93466655297984
1.2586,-1.93439376614259
1.2587,-1.93412110482761
1.2588,-1.93384856893964
1.2589,-1.9335761583835
1.259,-1.93330387306409
1.2591,-1.93303171288642
1.2592,-1.93275967775558
1.2593,-1.93248776757677
1.2594,-1.93221598225527
1.2595,-1.93194432169645
1.2596,-1.93167278580579
1.2597,-1.93140137448883
1.2598,-1.93113008765125
1.2599,-1.93085892519878
1.26,-1.93058788703725
1.2601,-1.93031697307262
1.2602,-1.93004618321089
1.2603,-1.92977551735818
1.2604,-1.92950497542069
1.2605,-1.92923455730474
1.2606,-1.9289642629167
1.2607,-1.92869409216306
1.2608,-1.9284240449504
1.2609,-1.92815412118538
1.261,-1.92788432077476
1.2611,-1.92761464362538
1.2612,-1.92734508964419
1.2613,-1.92707565873822
1.2614,-1.9268063508146
1.2615,-1.92653716578052
1.2616,-1.92626810354331
1.2617,-1.92599916401035
1.2618,-1.92573034708913
1.2619,-1.92546165268723
1.262,-1.92519308071231
1.2621,-1.92492463107213
1.2622,-1.92465630367455
1.2623,-1.92438809842749
1.2624,-1.924120015239
1.2625,-1.92385205401718
1.2626,-1.92358421467024
1.2627,-1.92331649710649
1.2628,-1.92304890123432
1.2629,-1.92278142696219
1.263,-1.92251407419869
1.2631,-1.92224684285247
1.2632,-1.92197973283227
1.2633,-1.92171274404694
1.2634,-1.9214458764054
1.2635,-1.92117912981667
1.2636,-1.92091250418985
1.2637,-1.92064599943413
1.2638,-1.9203796154588
1.2639,-1.92011335217323
1.264,-1.91984720948689
1.2641,-1.91958118730931
1.2642,-1.91931528555015
1.2643,-1.91904950411912
1.2644,-1.91878384292604
1.2645,-1.91851830188082
1.2646,-1.91825288089345
1.2647,-1.917987579874
1.2648,-1.91772239873265
1.2649,-1.91745733737966
1.265,-1.91719239572536
1.2651,-1.91692757368019
1.2652,-1.91666287115468
1.2653,-1.91639828805943
1.2654,-1.91613382430513
1.2655,-1.91586947980257
1.2656,-1.91560525446262
1.2657,-1.91534114819624
1.2658,-1.91507716091447
1.2659,-1.91481329252846
1.266,-1.91454954294941
1.2661,-1.91428591208863
1.2662,-1.91402239985752
1.2663,-1.91375900616756
1.2664,-1.91349573093032
1.2665,-1.91323257405745
1.2666,-1.91296953546069
1.2667,-1.91270661505188
1.2668,-1.91244381274292
1.2669,-1.91218112844582
1.267,-1.91191856207266
1.2671,-1.91165611353561
1.2672,-1.91139378274695
1.2673,-1.911131569619
1.2674,-1.91086947406421
1.2675,-1.91060749599509
1.2676,-1.91034563532424
1.2677,-1.91008389196436
1.2678,-1.90982226582822
1.2679,-1.90956075682867
1.268,-1.90929936487867
1.2681,-1.90903808989124
1.2682,-1.90877693177951
1.2683,-1.90851589045667
1.2684,-1.90825496583601
1.2685,-1.9079941578309
1.2686,-1.9077334663548
1.2687,-1.90747289132126
1.2688,-1.9072124326439
1.2689,-1.90695209023642
1.269,-1.90669186401263
1.2691,-1.90643175388642
1.2692,-1.90617175977174
1.2693,-1.90591188158264
1.2694,-1.90565211923326
1.2695,-1.90539247263781
1.2696,-1.90513294171061
1.2697,-1.90487352636603
1.2698,-1.90461422651855
1.2699,-1.90435504208273
1.27,-1.9040959729732
1.2701,-1.90383701910468
1.2702,-1.90357818039199
1.2703,-1.90331945675001
1.2704,-1.90306084809371
1.2705,-1.90280235433815
1.2706,-1.90254397539848
1.2707,-1.90228571118992
1.2708,-1.90202756162777
1.2709,-1.90176952662743
1.271,-1.90151160610437
1.2711,-1.90125379997414
1.2712,-1.90099610815239
1.2713,-1.90073853055484
1.2714,-1.90048106709728
1.2715,-1.90022371769562
1.2716,-1.89996648226583
1.2717,-1.89970936072394
1.2718,-1.89945235298611
1.2719,-1.89919545896854
1.272,-1.89893867858755
1.2721,-1.8986820117595
1.2722,-1.89842545840088
1.2723,-1.89816901842821
1.2724,-1.89791269175814
1.2725,-1.89765647830737
1.2726,-1.89740037799269
1.2727,-1.89714439073099
1.2728,-1.89688851643921
1.2729,-1.8966327550344
1.273,-1.89637710643367
1.2731,-1.89612157055422
1.2732,-1.89586614731334
1.2733,-1.89561083662839
1.2734,-1.89535563841682
1.2735,-1.89510055259615
1.2736,-1.89484557908399
1.2737,-1.89459071779802
1.2738,-1.89433596865603
1.2739,-1.89408133157584
1.274,-1.89382680647541
1.2741,-1.89357239327273
1.2742,-1.8933180918859
1.2743,-1.8930639022331
1.2744,-1.89280982423257
1.2745,-1.89255585780265
1.2746,-1.89230200286177
1.2747,-1.89204825932839
1.2748,-1.89179462712111
1.2749,-1.89154110615858
1.275,-1.89128769635953
1.2751,-1.89103439764278
1.2752,-1.89078120992722
1.2753,-1.89052813313183
1.2754,-1.89027516717566
1.2755,-1.89002231197784
1.2756,-1.8897695674576
1.2757,-1.8895169335342
1.2758,-1.88926441012705
1.2759,-1.88901199715558
1.276,-1.88875969453933
1.2761,-1.8885075021979
1.2762,-1.88825542005099
1.2763,-1.88800344801837
1.2764,-1.88775158601987
1.2765,-1.88749983397544
1.2766,-1.88724819180507
1.2767,-1.88699665942885
1.2768,-1.88674523676694
1.2769,-1.88649392373959
1.277,-1.88624272026711
1.2771,-1.8859916262699
1.2772,-1.88574064166844
1.2773,-1.88548976638329
1.2774,-1.88523900033507
1.2775,-1.88498834344451
1.2776,-1.88473779563239
1.2777,-1.88448735681958
1.2778,-1.88423702692702
1.2779,-1.88398680587575
1.278,-1.88373669358685
1.2781,-1.88348668998152
1.2782,-1.88323679498101
1.2783,-1.88298700850665
1.2784,-1.88273733047986
1.2785,-1.88248776082213
1.2786,-1.88223829945503
1.2787,-1.88198894630019
1.2788,-1.88173970127935
1.2789,-1.8814905643143
1.279,-1.88124153532692
1.2791,-1.88099261423917
1.2792,-1.88074380097306
1.2793,-1.88049509545072
1.2794,-1.88024649759433
1.2795,-1.87999800732614
1.2796,-1.87974962456851
1.2797,-1.87950134924383
1.2798,-1.87925318127461
1.2799,-1.8790051205834
1.28,-1.87875716709286
1.2801,-1.87850932072571
1.2802,-1.87826158140474
1.2803,-1.87801394905282
1.2804,-1.87776642359291
1.2805,-1.87751900494803
1.2806,-1.87727169304129
1.2807,-1.87702448779585
1.2808,-1.87677738913497
1.2809,-1.87653039698199
1.281,-1.87628351126031
1.2811,-1.87603673189341
1.2812,-1.87579005880484
1.2813,-1.87554349191824
1.2814,-1.87529703115731
1.2815,-1.87505067644583
1.2816,-1.87480442770768
1.2817,-1.87455828486677
1.2818,-1.87431224784712
1.2819,-1.87406631657281
1.282,-1.87382049096799
1.2821,-1.87357477095691
1.2822,-1.87332915646388
1.2823,-1.87308364741326
1.2824,-1.87283824372954
1.2825,-1.87259294533722
1.2826,-1.87234775216093
1.2827,-1.87210266412535
1.2828,-1.87185768115524
1.2829,-1.87161280317541
1.283,-1.87136803011079
1.2831,-1.87112336188635
1.2832,-1.87087879842714
1.2833,-1.8706343396583
1.2834,-1.87038998550502
1.2835,-1.87014573589259
1.2836,-1.86990159074635
1.2837,-1.86965754999173
1.2838,-1.86941361355422
1.2839,-1.8691697813594
1.284,-1.86892605333292
1.2841,-1.86868242940049
1.2842,-1.86843890948792
1.2843,-1.86819549352105
1.2844,-1.86795218142584
1.2845,-1.86770897312829
1.2846,-1.86746586855451
1.2847,-1.86722286763063
1.2848,-1.86697997028291
1.2849,-1.86673717643764
1.285,-1.8664944860212
1.2851,-1.86625189896005
1.2852,-1.86600941518071
1.2853,-1.86576703460979
1.2854,-1.86552475717395
1.2855,-1.86528258279993
1.2856,-1.86504051141456
1.2857,-1.86479854294472
1.2858,-1.86455667731737
1.2859,-1.86431491445955
1.286,-1.86407325429836
1.2861,-1.86383169676099
1.2862,-1.86359024177468
1.2863,-1.86334888926677
1.2864,-1.86310763916463
1.2865,-1.86286649139575
1.2866,-1.86262544588766
1.2867,-1.86238450256796
1.2868,-1.86214366136436
1.2869,-1.8619029222046
1.287,-1.86166228501651
1.2871,-1.86142174972799
1.2872,-1.86118131626701
1.2873,-1.8609409845616
1.2874,-1.8607007545399
1.2875,-1.86046062613007
1.2876,-1.86022059926038
1.2877,-1.85998067385916
1.2878,-1.85974084985479
1.2879,-1.85950112717576
1.288,-1.85926150575061
1.2881,-1.85902198550795
1.2882,-1.85878256637645
1.2883,-1.85854324828489
1.2884,-1.85830403116207
1.2885,-1.8580649149369
1.2886,-1.85782589953835
1.2887,-1.85758698489545
1.2888,-1.8573481709373
1.2889,-1.8571094575931
1.289,-1.85687084479209
1.2891,-1.85663233246358
1.2892,-1.85639392053698
1.2893,-1.85615560894173
1.2894,-1.85591739760738
1.2895,-1.85567928646351
1.2896,-1.8554412754398
1.2897,-1.85520336446601
1.2898,-1.85496555347192
1.2899,-1.85472784238743
1.29,-1.85449023114249
1.2901,-1.85425271966712
1.2902,-1.8540153078914
1.2903,-1.85377799574551
1.2904,-1.85354078315966
1.2905,-1.85330367006416
1.2906,-1.85306665638938
1.2907,-1.85282974206576
1.2908,-1.8525929270238
1.2909,-1.85235621119408
1.291,-1.85211959450725
1.2911,-1.85188307689403
1.2912,-1.85164665828519
1.2913,-1.8514103386116
1.2914,-1.85117411780418
1.2915,-1.85093799579391
1.2916,-1.85070197251187
1.2917,-1.85046604788917
1.2918,-1.85023022185703
1.2919,-1.84999449434669
1.292,-1.84975886528952
1.2921,-1.8495233346169
1.2922,-1.84928790226031
1.2923,-1.84905256815129
1.2924,-1.84881733222145
1.2925,-1.84858219440247
1.2926,-1.84834715462611
1.2927,-1.84811221282416
1.2928,-1.84787736892852
1.2929,-1.84764262287114
1.293,-1.84740797458404
1.2931,-1.84717342399931
1.2932,-1.84693897104909
1.2933,-1.84670461566562
1.2934,-1.84647035778118
1.2935,-1.84623619732814
1.2936,-1.84600213423893
1.2937,-1.84576816844602
1.2938,-1.845534299882
1.2939,-1.84530052847949
1.294,-1.84506685417118
1.2941,-1.84483327688984
1.2942,-1.84459979656831
1.2943,-1.84436641313947
1.2944,-1.84413312653631
1.2945,-1.84389993669185
1.2946,-1.84366684353919
1.2947,-1.8434338470115
1.2948,-1.84320094704202
1.2949,-1.84296814356404
1.295,-1.84273543651095
1.2951,-1.84250282581616
1.2952,-1.8422703114132
1.2953,-1.84203789323561
1.2954,-1.84180557121705
1.2955,-1.84157334529122
1.2956,-1.84134121539187
1.2957,-1.84110918145286
1.2958,-1.84087724340807
1.2959,-1.84064540119149
1.296,-1.84041365473714
1.2961,-1.84018200397913
1.2962,-1.83995044885162
1.2963,-1.83971898928884
1.2964,-1.8394876252251
1.2965,-1.83925635659477
1.2966,-1.83902518333227
1.2967,-1.8387941053721
1.2968,-1.83856312264883
1.2969,-1.83833223509708
1.297,-1.83810144265156
1.2971,-1.83787074524701
1.2972,-1.83764014281827
1.2973,-1.83740963530024
1.2974,-1.83717922262785
1.2975,-1.83694890473615
1.2976,-1.83671868156022
1.2977,-1.83648855303522
1.2978,-1.83625851909635
1.2979,-1.83602857967892
1.298,-1.83579873471826
1.2981,-1.83556898414979
1.2982,-1.835339327909
1.2983,-1.83510976593143
1.2984,-1.83488029815268
1.2985,-1.83465092450843
1.2986,-1.83442164493444
1.2987,-1.83419245936648
1.2988,-1.83396336774045
1.2989,-1.83373436999226
1.299,-1.83350546605793
1.2991,-1.83327665587351
1.2992,-1.83304793937513
1.2993,-1.83281931649899
1.2994,-1.83259078718134
1.2995,-1.83236235135851
1.2996,-1.83213400896687
1.2997,-1.83190575994288
1.2998,-1.83167760422306
1.2999,-1.83144954174398
1.3,-1.83122157244228
1.3001,-1.83099369625468
1.3002,-1.83076591311793
1.3003,-1.83053822296888
1.3004,-1.83031062574443
1.3005,-1.83008312138153
1.3006,-1.82985570981722
1.3007,-1.82962839098858
1.3008,-1.82940116483277
1.3009,-1.82917403128699
1.301,-1.82894699028855
1.3011,-1.82872004177477
1.3012,-1.82849318568307
1.3013,-1.82826642195092
1.3014,-1.82803975051585
1.3015,-1.82781317131546
1.3016,-1.82758668428741
1.3017,-1.82736028936942
1.3018,-1.82713398649929
1.3019,-1.82690777561486
1.302,-1.82668165665406
1.3021,-1.82645562955483
1.3022,-1.82622969425525
1.3023,-1.8260038506934
1.3024,-1.82577809880745
1.3025,-1.82555243853562
1.3026,-1.82532686981622
1.3027,-1.82510139258759
1.3028,-1.82487600678815
1.3029,-1.82465071235637
1.303,-1.8244255092308
1.3031,-1.82420039735004
1.3032,-1.82397537665276
1.3033,-1.82375044707769
1.3034,-1.82352560856361
1.3035,-1.82330086104938
1.3036,-1.82307620447391
1.3037,-1.82285163877619
1.3038,-1.82262716389525
1.3039,-1.82240277977019
1.304,-1.82217848634018
1.3041,-1.82195428354444
1.3042,-1.82173017132225
1.3043,-1.82150614961297
1.3044,-1.82128221835601
1.3045,-1.82105837749085
1.3046,-1.820834626957
1.3047,-1.82061096669408
1.3048,-1.82038739664174
1.3049,-1.82016391673969
1.305,-1.81994052692772
1.3051,-1.81971722714567
1.3052,-1.81949401733345
1.3053,-1.81927089743101
1.3054,-1.81904786737839
1.3055,-1.81882492711567
1.3056,-1.818602076583
1.3057,-1.81837931572059
1.3058,-1.8181566444687
1.3059,-1.81793406276768
1.306,-1.81771157055791
1.3061,-1.81748916777985
1.3062,-1.81726685437402
1.3063,-1.81704463028098
1.3064,-1.81682249544137
1.3065,-1.81660044979589
1.3066,-1.8163784932853
1.3067,-1.81615662585041
1.3068,-1.81593484743211
1.3069,-1.81571315797133
1.307,-1.81549155740907
1.3071,-1.81527004568639
1.3072,-1.81504862274442
1.3073,-1.81482728852433
1.3074,-1.81460604296737
1.3075,-1.81438488601483
1.3076,-1.81416381760808
1.3077,-1.81394283768853
1.3078,-1.81372194619768
1.3079,-1.81350114307706
1.308,-1.81328042826827
1.3081,-1.81305980171298
1.3082,-1.81283926335291
1.3083,-1.81261881312983
1.3084,-1.81239845098559
1.3085,-1.81217817686209
1.3086,-1.81195799070129
1.3087,-1.81173789244521
1.3088,-1.81151788203594
1.3089,-1.8112979594156
1.309,-1.81107812452639
1.3091,-1.81085837731059
1.3092,-1.8106387177105
1.3093,-1.8104191456685
1.3094,-1.81019966112703
1.3095,-1.80998026402857
1.3096,-1.8097609543157
1.3097,-1.80954173193102
1.3098,-1.8093225968172
1.3099,-1.80910354891698
1.31,-1.80888458817314
1.3101,-1.80866571452854
1.3102,-1.80844692792609
1.3103,-1.80822822830875
1.3104,-1.80800961561955
1.3105,-1.80779108980158
1.3106,-1.80757265079797
1.3107,-1.80735429855194
1.3108,-1.80713603300674
1.3109,-1.8069178541057
1.311,-1.80669976179219
1.3111,-1.80648175600965
1.3112,-1.80626383670157
1.3113,-1.80604600381151
1.3114,-1.80582825728307
1.3115,-1.80561059705994
1.3116,-1.80539302308585
1.3117,-1.80517553530456
1.3118,-1.80495813365994
1.3119,-1.80474081809588
1.312,-1.80452358855635
1.3121,-1.80430644498537
1.3122,-1.804089387327
1.3123,-1.80387241552539
1.3124,-1.80365552952474
1.3125,-1.80343872926928
1.3126,-1.80322201470334
1.3127,-1.80300538577127
1.3128,-1.8027888424175
1.3129,-1.80257238458651
1.313,-1.80235601222284
1.3131,-1.80213972527109
1.3132,-1.80192352367592
1.3133,-1.80170740738202
1.3134,-1.80149137633419
1.3135,-1.80127543047722
1.3136,-1.80105956975603
1.3137,-1.80084379411554
1.3138,-1.80062810350075
1.3139,-1.80041249785671
1.314,-1.80019697712855
1.3141,-1.79998154126143
1.3142,-1.79976619020058
1.3143,-1.79955092389128
1.3144,-1.79933574227888
1.3145,-1.79912064530876
1.3146,-1.79890563292639
1.3147,-1.79869070507727
1.3148,-1.79847586170698
1.3149,-1.79826110276113
1.315,-1.79804642818542
1.3151,-1.79783183792557
1.3152,-1.79761733192739
1.3153,-1.79740291013672
1.3154,-1.79718857249948
1.3155,-1.79697431896162
1.3156,-1.79676014946917
1.3157,-1.7965460639682
1.3158,-1.79633206240485
1.3159,-1.79611814472531
1.316,-1.79590431087582
1.3161,-1.79569056080269
1.3162,-1.79547689445226
1.3163,-1.79526331177097
1.3164,-1.79504981270528
1.3165,-1.7948363972017
1.3166,-1.79462306520684
1.3167,-1.79440981666732
1.3168,-1.79419665152984
1.3169,-1.79398356974115
1.317,-1.79377057124805
1.3171,-1.79355765599741
1.3172,-1.79334482393614
1.3173,-1.79313207501122
1.3174,-1.79291940916967
1.3175,-1.79270682635858
1.3176,-1.79249432652509
1.3177,-1.79228190961639
1.3178,-1.79206957557974
1.3179,-1.79185732436243
1.318,-1.79164515591184
1.3181,-1.79143307017537
1.3182,-1.7912210671005
1.3183,-1.79100914663475
1.3184,-1.79079730872572
1.3185,-1.79058555332103
1.3186,-1.79037388036837
1.3187,-1.79016228981551
1.3188,-1.78995078161023
1.3189,-1.78973935570039
1.319,-1.78952801203391
1.3191,-1.78931675055875
1.3192,-1.78910557122294
1.3193,-1.78889447397455
1.3194,-1.78868345876172
1.3195,-1.78847252553263
1.3196,-1.78826167423552
1.3197,-1.78805090481869
1.3198,-1.78784021723048
1.3199,-1.7876296114193
1.32,-1.78741908733362
1.3201,-1.78720864492194
1.3202,-1.78699828413283
1.3203,-1.78678800491492
1.3204,-1.78657780721688
1.3205,-1.78636769098744
1.3206,-1.78615765617538
1.3207,-1.78594770272956
1.3208,-1.78573783059884
1.3209,-1.7855280397322
1.321,-1.78531833007863
1.3211,-1.78510870158718
1.3212,-1.78489915420697
1.3213,-1.78468968788715
1.3214,-1.78448030257695
1.3215,-1.78427099822564
1.3216,-1.78406177478254
1.3217,-1.78385263219702
1.3218,-1.78364357041853
1.3219,-1.78343458939656
1.322,-1.78322568908063
1.3221,-1.78301686942033
1.3222,-1.78280813036534
1.3223,-1.78259947186533
1.3224,-1.78239089387007
1.3225,-1.78218239632936
1.3226,-1.78197397919306
1.3227,-1.78176564241109
1.3228,-1.78155738593342
1.3229,-1.78134920971006
1.323,-1.78114111369109
1.3231,-1.78093309782664
1.3232,-1.78072516206689
1.3233,-1.78051730636207
1.3234,-1.78030953066246
1.3235,-1.78010183491842
1.3236,-1.77989421908032
1.3237,-1.77968668309862
1.3238,-1.77947922692382
1.3239,-1.77927185050646
1.324,-1.77906455379716
1.3241,-1.77885733674655
1.3242,-1.77865019930537
1.3243,-1.77844314142436
1.3244,-1.77823616305435
1.3245,-1.77802926414621
1.3246,-1.77782244465084
1.3247,-1.77761570451923
1.3248,-1.7774090437024
1.3249,-1.77720246215143
1.325,-1.77699595981744
1.3251,-1.77678953665163
1.3252,-1.77658319260522
1.3253,-1.77637692762951
1.3254,-1.77617074167583
1.3255,-1.77596463469557
1.3256,-1.77575860664018
1.3257,-1.77555265746115
1.3258,-1.77534678711004
1.3259,-1.77514099553844
1.326,-1.77493528269801
1.3261,-1.77472964854044
1.3262,-1.7745240930175
1.3263,-1.77431861608099
1.3264,-1.77411321768278
1.3265,-1.77390789777476
1.3266,-1.77370265630892
1.3267,-1.77349749323726
1.3268,-1.77329240851186
1.3269,-1.77308740208481
1.327,-1.77288247390831
1.3271,-1.77267762393457
1.3272,-1.77247285211586
1.3273,-1.77226815840452
1.3274,-1.7720635427529
1.3275,-1.77185900511346
1.3276,-1.77165454543865
1.3277,-1.77145016368102
1.3278,-1.77124585979314
1.3279,-1.77104163372764
1.328,-1.77083748543723
1.3281,-1.77063341487461
1.3282,-1.7704294219926
1.3283,-1.77022550674401
1.3284,-1.77002166908175
1.3285,-1.76981790895874
1.3286,-1.76961422632799
1.3287,-1.76941062114253
1.3288,-1.76920709335546
1.3289,-1.76900364291992
1.329,-1.7688002697891
1.3291,-1.76859697391625
1.3292,-1.76839375525468
1.3293,-1.76819061375771
1.3294,-1.76798754937875
1.3295,-1.76778456207125
1.3296,-1.76758165178872
1.3297,-1.76737881848469
1.3298,-1.76717606211276
1.3299,-1.76697338262659
1.33,-1.76677077997988
1.3301,-1.76656825412638
1.3302,-1.7663658050199
1.3303,-1.76616343261428
1.3304,-1.76596113686342
1.3305,-1.76575891772128
1.3306,-1.76555677514187
1.3307,-1.76535470907923
1.3308,-1.76515271948747
1.3309,-1.76495080632074
1.331,-1.76474896953325
1.3311,-1.76454720907924
1.3312,-1.76434552491303
1.3313,-1.76414391698897
1.3314,-1.76394238526146
1.3315,-1.76374092968495
1.3316,-1.76353955021395
1.3317,-1.763338246803
1.3318,-1.76313701940672
1.3319,-1.76293586797976
1.332,-1.76273479247682
1.3321,-1.76253379285264
1.3322,-1.76233286906204
1.3323,-1.76213202105986
1.3324,-1.76193124880101
1.3325,-1.76173055224043
1.3326,-1.76152993133312
1.3327,-1.76132938603415
1.3328,-1.76112891629859
1.3329,-1.7609285220816
1.333,-1.76072820333839
1.3331,-1.76052796002419
1.3332,-1.7603277920943
1.3333,-1.76012769950407
1.3334,-1.7599276822089
1.3335,-1.75972774016422
1.3336,-1.75952787332553
1.3337,-1.75932808164836
1.3338,-1.75912836508832
1.3339,-1.75892872360105
1.334,-1.75872915714222
1.3341,-1.75852966566759
1.3342,-1.75833024913293
1.3343,-1.75813090749409
1.3344,-1.75793164070694
1.3345,-1.75773244872742
1.3346,-1.75753333151151
1.3347,-1.75733428901525
1.3348,-1.75713532119471
1.3349,-1.75693642800603
1.335,-1.75673760940537
1.3351,-1.75653886534897
1.3352,-1.7563401957931
1.3353,-1.75614160069407
1.3354,-1.75594308000827
1.3355,-1.75574463369212
1.3356,-1.75554626170207
1.3357,-1.75534796399465
1.3358,-1.75514974052642
1.3359,-1.75495159125399
1.336,-1.75475351613403
1.3361,-1.75455551512325
1.3362,-1.7543575881784
1.3363,-1.75415973525628
1.3364,-1.75396195631376
1.3365,-1.75376425130774
1.3366,-1.75356662019516
1.3367,-1.75336906293302
1.3368,-1.75317157947838
1.3369,-1.75297416978831
1.337,-1.75277683381997
1.3371,-1.75257957153055
1.3372,-1.75238238287728
1.3373,-1.75218526781746
1.3374,-1.7519882263084
1.3375,-1.7517912583075
1.3376,-1.75159436377218
1.3377,-1.75139754265992
1.3378,-1.75120079492824
1.3379,-1.75100412053472
1.338,-1.75080751943697
1.3381,-1.75061099159266
1.3382,-1.75041453695951
1.3383,-1.75021815549528
1.3384,-1.75002184715777
1.3385,-1.74982561190485
1.3386,-1.74962944969442
1.3387,-1.74943336048442
1.3388,-1.74923734423287
1.3389,-1.74904140089779
1.339,-1.7488455304373
1.3391,-1.74864973280952
1.3392,-1.74845400797264
1.3393,-1.7482583558849
1.3394,-1.74806277650459
1.3395,-1.74786726979003
1.3396,-1.74767183569959
1.3397,-1.7474764741917
1.3398,-1.74728118522483
1.3399,-1.74708596875749
1.34,-1.74689082474825
1.3401,-1.74669575315572
1.3402,-1.74650075393856
1.3403,-1.74630582705546
1.3404,-1.74611097246519
1.3405,-1.74591619012654
1.3406,-1.74572147999835
1.3407,-1.74552684203951
1.3408,-1.74533227620896
1.3409,-1.74513778246569
1.341,-1.74494336076872
1.3411,-1.74474901107714
1.3412,-1.74455473335006
1.3413,-1.74436052754666
1.3414,-1.74416639362615
1.3415,-1.7439723315478
1.3416,-1.74377834127091
1.3417,-1.74358442275484
1.3418,-1.74339057595899
1.3419,-1.74319680084282
1.342,-1.7430030973658
1.3421,-1.7428094654875
1.3422,-1.74261590516748
1.3423,-1.74242241636538
1.3424,-1.74222899904089
1.3425,-1.74203565315373
1.3426,-1.74184237866367
1.3427,-1.74164917553052
1.3428,-1.74145604371414
1.3429,-1.74126298317446
1.343,-1.74106999387141
1.3431,-1.74087707576501
1.3432,-1.7406842288153
1.3433,-1.74049145298236
1.3434,-1.74029874822634
1.3435,-1.74010611450743
1.3436,-1.73991355178584
1.3437,-1.73972106002186
1.3438,-1.7395286391758
1.3439,-1.73933628920805
1.344,-1.73914401007899
1.3441,-1.73895180174909
1.3442,-1.73875966417885
1.3443,-1.73856759732883
1.3444,-1.73837560115962
1.3445,-1.73818367563184
1.3446,-1.7379918207062
1.3447,-1.73780003634341
1.3448,-1.73760832250426
1.3449,-1.73741667914956
1.345,-1.73722510624018
1.3451,-1.73703360373704
1.3452,-1.73684217160107
1.3453,-1.7366508097933
1.3454,-1.73645951827476
1.3455,-1.73626829700654
1.3456,-1.73607714594978
1.3457,-1.73588606506566
1.3458,-1.73569505431542
1.3459,-1.73550411366031
1.346,-1.73531324306165
1.3461,-1.73512244248082
1.3462,-1.73493171187921
1.3463,-1.73474105121827
1.3464,-1.7345504604595
1.3465,-1.73435993956443
1.3466,-1.73416948849467
1.3467,-1.73397910721182
1.3468,-1.73378879567758
1.3469,-1.73359855385365
1.347,-1.7334083817018
1.3471,-1.73321827918384
1.3472,-1.73302824626162
1.3473,-1.73283828289705
1.3474,-1.73264838905205
1.3475,-1.73245856468862
1.3476,-1.73226880976879
1.3477,-1.73207912425463
1.3478,-1.73188950810827
1.3479,-1.73169996129185
1.348,-1.73151048376761
1.3481,-1.73132107549778
1.3482,-1.73113173644466
1.3483,-1.73094246657059
1.3484,-1.73075326583797
1.3485,-1.7305641342092
1.3486,-1.73037507164678
1.3487,-1.73018607811322
1.3488,-1.72999715357108
1.3489,-1.72980829798295
1.349,-1.72961951131151
1.3491,-1.72943079351942
1.3492,-1.72924214456944
1.3493,-1.72905356442435
1.3494,-1.72886505304696
1.3495,-1.72867661040015
1.3496,-1.72848823644683
1.3497,-1.72829993114996
1.3498,-1.72811169447254
1.3499,-1.7279235263776
1.35,-1.72773542682824
1.3501,-1.72754739578759
1.3502,-1.72735943321883
1.3503,-1.72717153908516
1.3504,-1.72698371334986
1.3505,-1.72679595597623
1.3506,-1.72660826692761
1.3507,-1.72642064616741
1.3508,-1.72623309365904
1.3509,-1.72604560936601
1.351,-1.72585819325182
1.3511,-1.72567084528005
1.3512,-1.72548356541429
1.3513,-1.72529635361821
1.3514,-1.7251092098555
1.3515,-1.7249221340899
1.3516,-1.7247351262852
1.3517,-1.72454818640521
1.3518,-1.7243613144138
1.3519,-1.72417451027489
1.352,-1.72398777395243
1.3521,-1.72380110541043
1.3522,-1.72361450461291
1.3523,-1.72342797152396
1.3524,-1.72324150610772
1.3525,-1.72305510832835
1.3526,-1.72286877815005
1.3527,-1.7226825155371
1.3528,-1.72249632045378
1.3529,-1.72231019286444
1.353,-1.72212413273347
1.3531,-1.72193814002527
1.3532,-1.72175221470434
1.3533,-1.72156635673517
1.3534,-1.72138056608233
1.3535,-1.72119484271041
1.3536,-1.72100918658405
1.3537,-1.72082359766793
1.3538,-1.72063807592678
1.3539,-1.72045262132537
1.354,-1.7202672338285
1.3541,-1.72008191340103
1.3542,-1.71989666000786
1.3543,-1.71971147361391
1.3544,-1.71952635418418
1.3545,-1.71934130168367
1.3546,-1.71915631607747
1.3547,-1.71897139733067
1.3548,-1.71878654540842
1.3549,-1.71860176027591
1.355,-1.71841704189838
1.3551,-1.71823239024111
1.3552,-1.7180478052694
1.3553,-1.71786328694862
1.3554,-1.71767883524417
1.3555,-1.7174944501215
1.3556,-1.7173101315461
1.3557,-1.71712587948348
1.3558,-1.71694169389922
1.3559,-1.71675757475893
1.356,-1.71657352202827
1.3561,-1.71638953567293
1.3562,-1.71620561565865
1.3563,-1.7160217619512
1.3564,-1.71583797451642
1.3565,-1.71565425332015
1.3566,-1.71547059832831
1.3567,-1.71528700950685
1.3568,-1.71510348682175
1.3569,-1.71492003023903
1.357,-1.71473663972478
1.3571,-1.71455331524511
1.3572,-1.71437005676616
1.3573,-1.71418686425414
1.3574,-1.71400373767528
1.3575,-1.71382067699587
1.3576,-1.71363768218222
1.3577,-1.71345475320069
1.3578,-1.71327189001769
1.3579,-1.71308909259967
1.358,-1.7129063609131
1.3581,-1.71272369492452
1.3582,-1.7125410946005
1.3583,-1.71235855990764
1.3584,-1.7121760908126
1.3585,-1.71199368728207
1.3586,-1.71181134928278
1.3587,-1.71162907678151
1.3588,-1.71144686974507
1.3589,-1.71126472814033
1.359,-1.71108265193417
1.3591,-1.71090064109354
1.3592,-1.71071869558542
1.3593,-1.71053681537683
1.3594,-1.71035500043483
1.3595,-1.71017325072652
1.3596,-1.70999156621905
1.3597,-1.70980994687961
1.3598,-1.70962839267541
1.3599,-1.70944690357373
1.36,-1.70926547954187
1.3601,-1.70908412054718
1.3602,-1.70890282655706
1.3603,-1.70872159753892
1.3604,-1.70854043346024
1.3605,-1.70835933428853
1.3606,-1.70817829999134
1.3607,-1.70799733053626
1.3608,-1.70781642589094
1.3609,-1.70763558602303
1.361,-1.70745481090025
1.3611,-1.70727410049037
1.3612,-1.70709345476117
1.3613,-1.70691287368048
1.3614,-1.70673235721619
1.3615,-1.7065519053362
1.3616,-1.70637151800848
1.3617,-1.70619119520103
1.3618,-1.70601093688187
1.3619,-1.70583074301909
1.362,-1.70565061358081
1.3621,-1.70547054853517
1.3622,-1.70529054785039
1.3623,-1.70511061149469
1.3624,-1.70493073943636
1.3625,-1.70475093164372
1.3626,-1.70457118808512
1.3627,-1.70439150872896
1.3628,-1.70421189354368
1.3629,-1.70403234249776
1.363,-1.70385285555971
1.3631,-1.70367343269811
1.3632,-1.70349407388153
1.3633,-1.70331477907863
1.3634,-1.70313554825809
1.3635,-1.70295638138861
1.3636,-1.70277727843895
1.3637,-1.70259823937793
1.3638,-1.70241926417437
1.3639,-1.70224035279714
1.364,-1.70206150521517
1.3641,-1.70188272139742
1.3642,-1.70170400131288
1.3643,-1.70152534493058
1.3644,-1.70134675221961
1.3645,-1.70116822314907
1.3646,-1.70098975768813
1.3647,-1.70081135580597
1.3648,-1.70063301747183
1.3649,-1.70045474265499
1.365,-1.70027653132475
1.3651,-1.70009838345046
1.3652,-1.69992029900154
1.3653,-1.69974227794739
1.3654,-1.69956432025749
1.3655,-1.69938642590136
1.3656,-1.69920859484853
1.3657,-1.6990308270686
1.3658,-1.6988531225312
1.3659,-1.698675481206
1.366,-1.69849790306269
1.3661,-1.69832038807103
1.3662,-1.69814293620079
1.3663,-1.69796554742181
1.3664,-1.69778822170394
1.3665,-1.69761095901709
1.3666,-1.69743375933119
1.3667,-1.69725662261624
1.3668,-1.69707954884223
1.3669,-1.69690253797924
1.367,-1.69672558999736
1.3671,-1.69654870486673
1.3672,-1.69637188255751
1.3673,-1.69619512303993
1.3674,-1.69601842628423
1.3675,-1.69584179226071
1.3676,-1.6956652209397
1.3677,-1.69548871229156
1.3678,-1.6953122662867
1.3679,-1.69513588289556
1.368,-1.69495956208864
1.3681,-1.69478330383646
1.3682,-1.69460710810957
1.3683,-1.69443097487858
1.3684,-1.69425490411413
1.3685,-1.69407889578689
1.3686,-1.69390294986759
1.3687,-1.69372706632697
1.3688,-1.69355124513582
1.3689,-1.693375486265
1.369,-1.69319978968535
1.3691,-1.69302415536779
1.3692,-1.69284858328327
1.3693,-1.69267307340277
1.3694,-1.69249762569731
1.3695,-1.69232224013796
1.3696,-1.69214691669583
1.3697,-1.69197165534204
1.3698,-1.69179645604777
1.3699,-1.69162131878424
1.37,-1.6914462435227
