"Freq [GHz]","dB(S(1,1)) []"
0.74,-5.83925008736492
0.7401,-5.84919565121544
0.7402,-5.8591601315929
0.7403,-5.86914356831394
0.7404,-5.87914600130034
0.7405,-5.88916747057939
0.7406,-5.89920801628435
0.7407,-5.90926767865477
0.7408,-5.91934649803687
0.7409,-5.92944451488404
0.741,-5.93956176975713
0.7411,-5.94969830332487
0.7412,-5.95985415636435
0.7413,-5.9700293697613
0.7414,-5.98022398451057
0.7415,-5.99043804171654
0.7416,-6.00067158259346
0.7417,-6.01092464846595
0.7418,-6.02119728076931
0.7419,-6.03148952105003
0.742,-6.04180141096612
0.7421,-6.05213299228754
0.7422,-6.0624843068967
0.7423,-6.07285539678873
0.7424,-6.08324630407204
0.7425,-6.09365707096864
0.7426,-6.10408773981463
0.7427,-6.11453835306054
0.7428,-6.12500895327189
0.7429,-6.13549958312947
0.743,-6.14601028542984
0.7431,-6.15654110308575
0.7432,-6.16709207912663
0.7433,-6.17766325669889
0.7434,-6.18825467906644
0.7435,-6.19886638961119
0.7436,-6.20949843183332
0.7437,-6.22015084935181
0.7438,-6.23082368590499
0.7439,-6.24151698535075
0.744,-6.25223079166715
0.7441,-6.26296514895283
0.7442,-6.27372010142747
0.7443,-6.28449569343213
0.7444,-6.29529196942987
0.7445,-6.30610897400605
0.7446,-6.31694675186889
0.7447,-6.32780534784985
0.7448,-6.33868480690415
0.7449,-6.34958517411112
0.745,-6.36050649467479
0.7451,-6.37144881392429
0.7452,-6.38241217731425
0.7453,-6.39339663042537
0.7454,-6.40440221896483
0.7455,-6.41542898876677
0.7456,-6.42647698579265
0.7457,-6.43754625613194
0.7458,-6.4486368460024
0.7459,-6.45974880175061
0.746,-6.47088216985244
0.7461,-6.48203699691358
0.7462,-6.49321332966988
0.7463,-6.50441121498795
0.7464,-6.51563069986562
0.7465,-6.52687183143235
0.7466,-6.53813465694976
0.7467,-6.54941922381215
0.7468,-6.56072557954685
0.7469,-6.57205377181483
0.747,-6.5834038484112
0.7471,-6.59477585726558
0.7472,-6.60616984644263
0.7473,-6.6175858641426
0.7474,-6.62902395870177
0.7475,-6.64048417859291
0.7476,-6.65196657242585
0.7477,-6.66347118894791
0.7478,-6.67499807704441
0.7479,-6.68654728573916
0.748,-6.69811886419502
0.7481,-6.70971286171428
0.7482,-6.72132932773924
0.7483,-6.7329683118527
0.7484,-6.74462986377845
0.7485,-6.75631403338176
0.7486,-6.76802087066989
0.7487,-6.77975042579262
0.7488,-6.79150274904271
0.7489,-6.80327789085642
0.749,-6.81507590181407
0.7491,-6.82689683264043
0.7492,-6.83874073420529
0.7493,-6.85060765752408
0.7494,-6.86249765375814
0.7495,-6.87441077421542
0.7496,-6.88634707035097
0.7497,-6.89830659376733
0.7498,-6.91028939621519
0.7499,-6.92229552959376
0.75,-6.93432504595146
0.7501,-6.94637799748625
0.7502,-6.95845443654623
0.7503,-6.9705544156302
0.7504,-6.98267798738809
0.7505,-6.99482520462146
0.7506,-7.00699612028419
0.7507,-7.01919078748272
0.7508,-7.0314092594768
0.7509,-7.04365158967995
0.751,-7.05591783165983
0.7511,-7.06820803913899
0.7512,-7.08052226599523
0.7513,-7.09286056626214
0.7514,-7.10522299412965
0.7515,-7.1176096039445
0.7516,-7.13002045021085
0.7517,-7.14245558759068
0.7518,-7.15491507090438
0.7519,-7.16739895513125
0.752,-7.17990729541002
0.7521,-7.19244014703931
0.7522,-7.20499756547829
0.7523,-7.21757960634699
0.7524,-7.23018632542699
0.7525,-7.24281777866187
0.7526,-7.2554740221577
0.7527,-7.26815511218359
0.7528,-7.28086110517215
0.7529,-7.29359205772011
0.753,-7.30634802658871
0.7531,-7.31912906870425
0.7532,-7.33193524115867
0.7533,-7.34476660120994
0.7534,-7.35762320628261
0.7535,-7.37050511396844
0.7536,-7.38341238202669
0.7537,-7.39634506838475
0.7538,-7.40930323113866
0.7539,-7.42228692855354
0.754,-7.43529621906414
0.7541,-7.44833116127531
0.7542,-7.46139181396253
0.7543,-7.47447823607237
0.7544,-7.48759048672297
0.7545,-7.50072862520459
0.7546,-7.51389271098008
0.7547,-7.52708280368531
0.7548,-7.54029896312975
0.7549,-7.55354124929686
0.755,-7.56680972234461
0.7551,-7.58010444260601
0.7552,-7.59342547058949
0.7553,-7.60677286697946
0.7554,-7.62014669263667
0.7555,-7.63354700859886
0.7556,-7.64697387608103
0.7557,-7.660427356476
0.7558,-7.6739075113549
0.7559,-7.68741440246754
0.756,-7.70094809174289
0.7561,-7.71450864128959
0.7562,-7.72809611339635
0.7563,-7.74171057053234
0.7564,-7.75535207534773
0.7565,-7.76902069067407
0.7566,-7.78271647952472
0.7567,-7.79643950509525
0.7568,-7.81018983076396
0.7569,-7.82396752009219
0.757,-7.83777263682474
0.7571,-7.85160524489042
0.7572,-7.86546540840228
0.7573,-7.87935319165805
0.7574,-7.89326865914065
0.7575,-7.90721187551841
0.7576,-7.92118290564556
0.7577,-7.93518181456264
0.7578,-7.94920866749673
0.7579,-7.96326352986194
0.758,-7.97734646725975
0.7581,-7.99145754547931
0.7582,-8.00559683049787
0.7583,-8.01976438848102
0.7584,-8.03396028578316
0.7585,-8.04818458894768
0.7586,-8.06243736470734
0.7587,-8.07671867998472
0.7588,-8.09102860189227
0.7589,-8.10536719773276
0.759,-8.11973453499965
0.7591,-8.13413068137717
0.7592,-8.14855570474071
0.7593,-8.16300967315718
0.7594,-8.17749265488504
0.7595,-8.19200471837476
0.7596,-8.20654593226891
0.7597,-8.22111636540255
0.7598,-8.23571608680327
0.7599,-8.25034516569154
0.76,-8.26500367148088
0.7601,-8.27969167377797
0.7602,-8.29440924238293
0.7603,-8.30915644728953
0.7604,-8.32393335868516
0.7605,-8.33874004695116
0.7606,-8.35357658266293
0.7607,-8.36844303658994
0.7608,-8.383339479696
0.7609,-8.39826598313921
0.761,-8.41322261827223
0.7611,-8.42820945664214
0.7612,-8.4432265699907
0.7613,-8.45827403025431
0.7614,-8.47335190956397
0.7615,-8.48846028024548
0.7616,-8.50359921481933
0.7617,-8.51876878600068
0.7618,-8.53396906669939
0.7619,-8.54920013001998
0.762,-8.56446204926158
0.7621,-8.57975489791779
0.7622,-8.59507874967668
0.7623,-8.61043367842069
0.7624,-8.62581975822643
0.7625,-8.64123706336463
0.7626,-8.65668566829993
0.7627,-8.67216564769073
0.7628,-8.68767707638901
0.7629,-8.70322002944009
0.763,-8.71879458208246
0.7631,-8.7344008097474
0.7632,-8.7500387880589
0.7633,-8.76570859283323
0.7634,-8.78141030007865
0.7635,-8.79714398599511
0.7636,-8.81290972697392
0.7637,-8.82870759959728
0.7638,-8.84453768063796
0.7639,-8.86040004705885
0.764,-8.87629477601253
0.7641,-8.89222194484076
0.7642,-8.90818163107406
0.7643,-8.92417391243104
0.7644,-8.94019886681802
0.7645,-8.95625657232842
0.7646,-8.972347107242
0.7647,-8.98847055002444
0.7648,-9.00462697932661
0.7649,-9.02081647398382
0.765,-9.03703911301519
0.7651,-9.05329497562282
0.7652,-9.06958414119113
0.7653,-9.08590668928596
0.7654,-9.10226269965374
0.7655,-9.11865225222066
0.7656,-9.13507542709177
0.7657,-9.15153230454997
0.7658,-9.16802296505508
0.7659,-9.18454748924289
0.766,-9.20110595792402
0.7661,-9.21769845208291
0.7662,-9.23432505287668
0.7663,-9.25098584163395
0.7664,-9.26768089985367
0.7665,-9.28441030920391
0.7666,-9.30117415152058
0.7667,-9.31797250880602
0.7668,-9.33480546322781
0.7669,-9.35167309711724
0.767,-9.36857549296792
0.7671,-9.38551273343429
0.7672,-9.40248490133008
0.7673,-9.41949207962668
0.7674,-9.43653435145165
0.7675,-9.45361180008694
0.7676,-9.47072450896717
0.7677,-9.4878725616778
0.7678,-9.50505604195357
0.7679,-9.52227503367629
0.768,-9.53952962087306
0.7681,-9.55681988771442
0.7682,-9.57414591851199
0.7683,-9.59150779771668
0.7684,-9.60890560991643
0.7685,-9.62633943983399
0.7686,-9.64380937232454
0.7687,-9.66131549237365
0.7688,-9.6788578850946
0.7689,-9.69643663572608
0.769,-9.71405182962965
0.7691,-9.73170355228712
0.7692,-9.74939188929793
0.7693,-9.76711692637638
0.7694,-9.784878749349
0.7695,-9.80267744415148
0.7696,-9.82051309682582
0.7697,-9.83838579351749
0.7698,-9.85629562047208
0.7699,-9.87424266403228
0.77,-9.89222701063475
0.7701,-9.91024874680663
0.7702,-9.92830795916226
0.7703,-9.9464047343996
0.7704,-9.96453915929689
0.7705,-9.98271132070874
0.7706,-10.0009213055626
0.7707,-10.0191692008549
0.7708,-10.037455093647
0.7709,-10.0557790710614
0.771,-10.0741412202777
0.7711,-10.092541628528
0.7712,-10.1109803830929
0.7713,-10.1294575712975
0.7714,-10.147973280506
0.7715,-10.166527598118
0.7716,-10.1851206115633
0.7717,-10.2037524082973
0.7718,-10.222423075796
0.7719,-10.241132701551
0.772,-10.2598813730644
0.7721,-10.2786691778436
0.7722,-10.2974962033959
0.7723,-10.316362537223
0.7724,-10.3352682668153
0.7725,-10.3542134796463
0.7726,-10.3731982631669
0.7727,-10.3922227047989
0.7728,-10.4112868919297
0.7729,-10.4303909119052
0.773,-10.4495348520239
0.7731,-10.4687187995304
0.7732,-10.4879428416085
0.7733,-10.5072070653746
0.7734,-10.5265115578707
0.7735,-10.5458564060571
0.7736,-10.5652416968055
0.7737,-10.5846675168914
0.7738,-10.6041339529866
0.7739,-10.6236410916512
0.774,-10.6431890193263
0.7741,-10.6627778223254
0.7742,-10.6824075868263
0.7743,-10.702078398863
0.7744,-10.7217903443168
0.7745,-10.7415435089077
0.7746,-10.7613379781854
0.7747,-10.7811738375203
0.7748,-10.8010511720941
0.7749,-10.8209700668904
0.775,-10.8409306066846
0.7751,-10.8609328760348
0.7752,-10.880976959271
0.7753,-10.901062940485
0.7754,-10.9211909035202
0.7755,-10.9413609319601
0.7756,-10.9615731091185
0.7757,-10.9818275180271
0.7758,-11.0021242414251
0.7759,-11.0224633617469
0.776,-11.0428449611107
0.7761,-11.063269121306
0.7762,-11.0837359237815
0.7763,-11.1042454496327
0.7764,-11.1247977795885
0.7765,-11.1453929939986
0.7766,-11.1660311728198
0.7767,-11.1867123956026
0.7768,-11.2074367414772
0.7769,-11.2282042891394
0.777,-11.2490151168358
0.7771,-11.2698693023496
0.7772,-11.2907669229851
0.7773,-11.3117080555527
0.7774,-11.3326927763528
0.7775,-11.3537211611604
0.7776,-11.3747932852085
0.7777,-11.3959092231715
0.7778,-11.4170690491486
0.7779,-11.4382728366462
0.778,-11.4595206585604
0.7781,-11.4808125871593
0.7782,-11.5021486940645
0.7783,-11.5235290502325
0.7784,-11.544953725936
0.7785,-11.5664227907441
0.7786,-11.5879363135029
0.7787,-11.6094943623152
0.7788,-11.6310970045201
0.7789,-11.6527443066722
0.779,-11.67443633452
0.7791,-11.6961731529846
0.7792,-11.7179548261373
0.7793,-11.7397814171769
0.7794,-11.7616529884072
0.7795,-11.7835696012132
0.7796,-11.8055313160373
0.7797,-11.8275381923553
0.7798,-11.8495902886509
0.7799,-11.8716876623913
0.78,-11.8938303700008
0.7801,-11.9160184668349
0.7802,-11.9382520071536
0.7803,-11.9605310440939
0.7804,-11.9828556296424
0.7805,-12.0052258146068
0.7806,-12.0276416485872
0.7807,-12.0501031799468
0.7808,-12.0726104557818
0.7809,-12.0951635218914
0.781,-12.1177624227463
0.7811,-12.1404072014571
0.7812,-12.1630978997427
0.7813,-12.1858345578969
0.7814,-12.2086172147552
0.7815,-12.2314459076608
0.7816,-12.25432067243
0.7817,-12.2772415433169
0.7818,-12.3002085529771
0.7819,-12.3232217324318
0.782,-12.3462811110298
0.7821,-12.3693867164098
0.7822,-12.3925385744619
0.7823,-12.4157367092879
0.7824,-12.4389811431615
0.7825,-12.4622718964872
0.7826,-12.4856089877586
0.7827,-12.5089924335167
0.7828,-12.5324222483059
0.7829,-12.5558984446306
0.783,-12.5794210329108
0.7831,-12.6029900214356
0.7832,-12.6266054163178
0.7833,-12.6502672214463
0.7834,-12.6739754384381
0.7835,-12.6977300665894
0.7836,-12.7215311028259
0.7837,-12.7453785416522
0.7838,-12.7692723750997
0.7839,-12.793212592675
0.784,-12.8171991813055
0.7841,-12.8412321252858
0.7842,-12.8653114062218
0.7843,-12.8894370029746
0.7844,-12.913608891603
0.7845,-12.9378270453054
0.7846,-12.9620914343601
0.7847,-12.9864020260652
0.7848,-13.0107587846767
0.7849,-13.0351616713463
0.785,-13.0596106440574
0.7851,-13.0841056575607
0.7852,-13.108646663308
0.7853,-13.1332336093851
0.7854,-13.1578664404437
0.7855,-13.1825450976322
0.7856,-13.2072695185246
0.7857,-13.2320396370493
0.7858,-13.2568553834155
0.7859,-13.2817166840392
0.786,-13.3066234614676
0.7861,-13.3315756343021
0.7862,-13.3565731171204
0.7863,-13.3816158203969
0.7864,-13.4067036504217
0.7865,-13.4318365092187
0.7866,-13.4570142944618
0.7867,-13.4822368993901
0.7868,-13.5075042127214
0.7869,-13.5328161185646
0.787,-13.55817249633
0.7871,-13.5835732206392
0.7872,-13.6090181612321
0.7873,-13.6345071828738
0.7874,-13.660040145259
0.7875,-13.6856169029151
0.7876,-13.7112373051041
0.7877,-13.7369011957222
0.7878,-13.7626084131986
0.7879,-13.7883587903921
0.788,-13.814152154486
0.7881,-13.839988326882
0.7882,-13.8658671230917
0.7883,-13.8917883526265
0.7884,-13.9177518188865
0.7885,-13.9437573190465
0.7886,-13.9698046439412
0.7887,-13.9958935779482
0.7888,-14.0220238988693
0.7889,-14.0481953778097
0.789,-14.0744077790561
0.7891,-14.1006608599521
0.7892,-14.1269543707724
0.7893,-14.1532880545943
0.7894,-14.1796616471686
0.7895,-14.2060748767874
0.7896,-14.2325274641502
0.7897,-14.2590191222286
0.7898,-14.2855495561287
0.7899,-14.3121184629512
0.79,-14.33872553165
0.7901,-14.365370442889
0.7902,-14.3920528688957
0.7903,-14.4187724733142
0.7904,-14.4455289110555
0.7905,-14.4723218281459
0.7906,-14.4991508615726
0.7907,-14.5260156391288
0.7908,-14.5529157792553
0.7909,-14.5798508908806
0.791,-14.6068205732589
0.7911,-14.6338244158061
0.7912,-14.6608619979335
0.7913,-14.6879328888793
0.7914,-14.7150366475386
0.7915,-14.7421728222906
0.7916,-14.7693409508238
0.7917,-14.7965405599601
0.7918,-14.8237711654751
0.7919,-14.8510322719178
0.792,-14.8783233724275
0.7921,-14.9056439485489
0.7922,-14.932993470045
0.7923,-14.9603713947078
0.7924,-14.9877771681676
0.7925,-15.0152102236995
0.7926,-15.0426699820283
0.7927,-15.0701558511318
0.7928,-15.0976672260412
0.7929,-15.1252034886404
0.793,-15.1527640074634
0.7931,-15.1803481374888
0.7932,-15.2079552199342
0.7933,-15.2355845820469
0.7934,-15.2632355368945
0.7935,-15.2909073831527
0.7936,-15.3185994048917
0.7937,-15.3463108713614
0.7938,-15.3740410367743
0.7939,-15.4017891400874
0.794,-15.4295544047826
0.7941,-15.4573360386455
0.7942,-15.4851332335428
0.7943,-15.512945165199
0.7944,-15.5407709929707
0.7945,-15.5686098596215
0.7946,-15.5964608910944
0.7947,-15.6243231962836
0.7948,-15.6521958668062
0.7949,-15.6800779767717
0.795,-15.7079685825528
0.7951,-15.7358667225534
0.7952,-15.7637714169777
0.7953,-15.7916816675988
0.7954,-15.8195964575263
0.7955,-15.8475147509746
0.7956,-15.8754354930307
0.7957,-15.9033576094227
0.7958,-15.9312800062879
0.7959,-15.9592015699422
0.796,-15.9871211666496
0.7961,-16.0150376423923
0.7962,-16.0429498226422
0.7963,-16.0708565121335
0.7964,-16.0987564946362
0.7965,-16.1266485327314
0.7966,-16.1545313675885
0.7967,-16.1824037187434
0.7968,-16.2102642838799
0.7969,-16.238111738613
0.797,-16.2659447362741
0.7971,-16.2937619076999
0.7972,-16.321561861024
0.7973,-16.3493431814714
0.7974,-16.3771044311568
0.7975,-16.404844148887
0.7976,-16.4325608499664
0.7977,-16.4602530260079
0.7978,-16.4879191447479
0.7979,-16.5155576498657
0.798,-16.5431669608094
0.7981,-16.5707454726256
0.7982,-16.5982915557968
0.7983,-16.6258035560833
0.7984,-16.6532797943728
0.7985,-16.6807185665362
0.7986,-16.7081181432907
0.7987,-16.7354767700706
0.7988,-16.7627926669061
0.7989,-16.79006402831
0.799,-16.8172890231736
0.7991,-16.8444657946712
0.7992,-16.8715924601748
0.7993,-16.8986671111774
0.7994,-16.9256878132283
0.7995,-16.9526526058777
0.7996,-16.9795595026332
0.7997,-17.0064064909276
0.7998,-17.0331915320992
0.7999,-17.0599125613836
0.8,-17.0865674879198
0.8001,-17.1131541947682
0.8002,-17.1396705389439
0.8003,-17.1661143514633
0.8004,-17.1924834374059
0.8005,-17.2187755759913
0.8006,-17.244988520672
0.8007,-17.2711199992424
0.8008,-17.2971677139647
0.8009,-17.3231293417116
0.801,-17.3490025341268
0.8011,-17.3747849178041
0.8012,-17.4004740944846
0.8013,-17.4260676412732
0.8014,-17.451563110875
0.8015,-17.4769580318512
0.8016,-17.5022499088961
0.8017,-17.5274362231345
0.8018,-17.5525144324417
0.8019,-17.5774819717838
0.802,-17.6023362535818
0.8021,-17.6270746680977
0.8022,-17.6516945838441
0.8023,-17.6761933480174
0.8024,-17.7005682869549
0.8025,-17.7248167066164
0.8026,-17.7489358930907
0.8027,-17.7729231131269
0.8028,-17.7967756146918
0.8029,-17.8204906275519
0.803,-17.8440653638829
0.8031,-17.8674970189045
0.8032,-17.8907827715425
0.8033,-17.9139197851167
0.8034,-17.936905208057
0.8035,-17.9597361746461
0.8036,-17.9824098057895
0.8037,-18.004923209813
0.8038,-18.0272734832874
0.8039,-18.0494577118818
0.804,-18.0714729712433
0.8041,-18.0933163279045
0.8042,-18.1149848402192
0.8043,-18.1364755593245
0.8044,-18.1577855301311
0.8045,-18.1789117923397
0.8046,-18.1998513814849
0.8047,-18.2206013300056
0.8048,-18.2411586683415
0.8049,-18.2615204260554
0.805,-18.2816836329813
0.8051,-18.3016453203972
0.8052,-18.3214025222229
0.8053,-18.3409522762412
0.8054,-18.360291625343
0.8055,-18.3794176187949
0.8056,-18.3983273135288
0.8057,-18.4170177754529
0.8058,-18.435486080783
0.8059,-18.4537293173937
0.806,-18.471744586188
0.8061,-18.4895290024846
0.8062,-18.5070796974225
0.8063,-18.5243938193804
0.8064,-18.5414685354113
0.8065,-18.5583010326903
0.8066,-18.5748885199741
0.8067,-18.5912282290724
0.8068,-18.6073174163274
0.8069,-18.6231533641034
0.807,-18.6387333822811
0.8071,-18.654054809759
0.8072,-18.669115015958
0.8073,-18.6839114023276
0.8074,-18.6984414038546
0.8075,-18.712702490569
0.8076,-18.726692169049
0.8077,-18.7404079839209
0.8078,-18.7538475193536
0.8079,-18.7670084005454
0.808,-18.7798882952015
0.8081,-18.7924849150003
0.8082,-18.8047960170475
0.8083,-18.8168194053142
0.8084,-18.8285529320603
0.8085,-18.8399944992379
0.8086,-18.8511420598761
0.8087,-18.8619936194432
0.8088,-18.8725472371848
0.8089,-18.8828010274377
0.809,-18.8927531609151
0.8091,-18.9024018659638
0.8092,-18.9117454297901
0.8093,-18.9207821996535
0.8094,-18.9295105840258
0.8095,-18.9379290537149
0.8096,-18.9460361429508
0.8097,-18.9538304504321
0.8098,-18.9613106403331
0.8099,-18.9684754432673
0.81,-18.9753236572087
0.8101,-18.9818541483674
0.8102,-18.9880658520191
0.8103,-18.993957773287
0.8104,-18.9995289878754
0.8105,-19.0047786427533
0.8106,-19.0097059567864
0.8107,-19.0143102213184
0.8108,-19.0185908006985
0.8109,-19.0225471327559
0.811,-19.0261787292198
0.8111,-19.029485176084
0.8112,-19.0324661339163
0.8113,-19.0351213381118
0.8114,-19.0374505990896
0.8115,-19.0394538024324
0.8116,-19.0411309089695
0.8117,-19.0424819548026
0.8118,-19.0435070512741
0.8119,-19.0442063848783
0.812,-19.0445802171159
0.8121,-19.0446288842915
0.8122,-19.0443527972543
0.8123,-19.0437524410836
0.8124,-19.0428283747176
0.8125,-19.0415812305286
0.8126,-19.0400117138425
0.8127,-19.0381206024059
0.8128,-19.0359087457997
0.8129,-19.0333770648016
0.813,-19.0305265506972
0.8131,-19.0273582645416
0.8132,-19.0238733363727
0.8133,-19.0200729643767
0.8134,-19.0159584140074
0.8135,-19.0115310170615
0.8136,-19.0067921707094
0.8137,-19.0017433364852
0.8138,-18.9963860392352
0.8139,-18.9907218660281
0.814,-18.9847524650281
0.8141,-18.9784795443314
0.8142,-18.97190487077
0.8143,-18.9650302686816
0.8144,-18.9578576186504
0.8145,-18.9503888562183
0.8146,-18.9426259705689
0.8147,-18.9345710031866
0.8148,-18.9262260464918
0.8149,-18.917593242455
0.815,-18.9086747811904
0.8151,-18.8994728995319
0.8152,-18.8899898795924
0.8153,-18.8802280473091
0.8154,-18.8701897709757
0.8155,-18.859877459764
0.8156,-18.8492935622366
0.8157,-18.8384405648514
0.8158,-18.8273209904614
0.8159,-18.8159373968099
0.816,-18.8042923750236
0.8161,-18.792388548105
0.8162,-18.780228569426
0.8163,-18.7678151212231
0.8164,-18.7551509130983
0.8165,-18.7422386805233
0.8166,-18.729081183353
0.8167,-18.7156812043451
0.8168,-18.7020415476914
0.8169,-18.6881650375585
0.817,-18.6740545166422
0.8171,-18.6597128447339
0.8172,-18.6451428973031
0.8173,-18.6303475640949
0.8174,-18.6153297477439
0.8175,-18.6000923624073
0.8176,-18.5846383324153
0.8177,-18.5689705909424
0.8178,-18.5530920786982
0.8179,-18.5370057426407
0.818,-18.5207145347105
0.8181,-18.504221410589
0.8182,-18.4875293284789
0.8183,-18.4706412479098
0.8184,-18.4535601285674
0.8185,-18.4362889291489
0.8186,-18.4188306062427
0.8187,-18.4011881132352
0.8188,-18.383364399243
0.8189,-18.3653624080722
0.819,-18.3471850772046
0.8191,-18.3288353368106
0.8192,-18.3103161087893
0.8193,-18.2916303058371
0.8194,-18.2727808305421
0.8195,-18.2537705745074
0.8196,-18.2346024175012
0.8197,-18.2152792266353
0.8198,-18.1958038555696
0.8199,-18.1761791437459
0.82,-18.1564079156477
0.8201,-18.1364929800873
0.8202,-18.1164371295207
0.8203,-18.0962431393882
0.8204,-18.0759137674826
0.8205,-18.0554517533425
0.8206,-18.0348598176732
0.8207,-18.0141406617921
0.8208,-17.9932969670996
0.8209,-17.9723313945761
0.821,-17.9512465843024
0.8211,-17.9300451550056
0.8212,-17.9087297036283
0.8213,-17.8873028049216
0.8214,-17.8657670110611
0.8215,-17.8441248512864
0.8216,-17.8223788315614
0.8217,-17.8005314342586
0.8218,-17.7785851178622
0.8219,-17.7565423166949
0.822,-17.7344054406632
0.8221,-17.7121768750235
0.8222,-17.6898589801675
0.8223,-17.6674540914275
0.8224,-17.644964518899
0.8225,-17.622392547282
0.8226,-17.5997404357406
0.8227,-17.5770104177787
0.8228,-17.5542047011326
0.8229,-17.5313254676807
0.823,-17.5083748733673
0.8231,-17.4853550481431
0.8232,-17.4622680959197
0.8233,-17.4391160945384
0.8234,-17.4159010957532
0.8235,-17.3926251252267
0.8236,-17.369290182539
0.8237,-17.3458982412094
0.8238,-17.3224512487295
0.8239,-17.2989511266085
0.824,-17.2753997704289
0.8241,-17.2517990499135
0.8242,-17.2281508090023
0.8243,-17.2044568659394
0.8244,-17.1807190133695
0.8245,-17.1569390184428
0.8246,-17.1331186229295
0.8247,-17.1092595433418
0.8248,-17.085363471064
0.8249,-17.0614320724902
0.825,-17.0374669891696
0.8251,-17.0134698379572
0.8252,-16.9894422111729
0.8253,-16.9653856767652
0.8254,-16.9413017784813
0.8255,-16.9171920360426
0.8256,-16.8930579453256
0.8257,-16.8689009785473
0.8258,-16.8447225844553
0.8259,-16.8205241885224
0.826,-16.7963071931449
0.8261,-16.7720729778447
0.8262,-16.7478228994754
0.8263,-16.7235582924305
0.8264,-16.6992804688559
0.8265,-16.6749907188641
0.8266,-16.6506903107517
0.8267,-16.6263804912181
0.8268,-16.602062485588
0.8269,-16.5777374980339
0.827,-16.5534067118015
0.8271,-16.529071289436
0.8272,-16.5047323730101
0.8273,-16.4803910843525
0.8274,-16.4560485252781
0.8275,-16.4317057778182
0.8276,-16.4073639044521
0.8277,-16.383023948338
0.8278,-16.3586869335455
0.8279,-16.3343538652876
0.828,-16.3100257301526
0.8281,-16.2857034963359
0.8282,-16.2613881138722
0.8283,-16.2370805148666
0.8284,-16.2127816137255
0.8285,-16.1884923073872
0.8286,-16.1642134755511
0.8287,-16.1399459809069
0.8288,-16.1156906693628
0.8289,-16.0914483702721
0.829,-16.0672198966594
0.8291,-16.0430060454457
0.8292,-16.0188075976715
0.8293,-15.9946253187199
0.8294,-15.970459958537
0.8295,-15.9463122518521
0.8296,-15.9221829183953
0.8297,-15.8980726631145
0.8298,-15.8739821763906
0.8299,-15.8499121342504
0.83,-15.8258631985788
0.8301,-15.8018360173286
0.8302,-15.7778312247289
0.8303,-15.7538494414913
0.8304,-15.7298912750148
0.8305,-15.7059573195885
0.8306,-15.6820481565921
0.8307,-15.6581643546954
0.8308,-15.6343064700547
0.8309,-15.6104750465083
0.831,-15.5866706157688
0.8311,-15.5628936976151
0.8312,-15.5391448000803
0.8313,-15.5154244196393
0.8314,-15.4917330413932
0.8315,-15.4680711392527
0.8316,-15.4444391761179
0.8317,-15.4208376040578
0.8318,-15.3972668644864
0.8319,-15.3737273883372
0.832,-15.3502195962354
0.8321,-15.3267438986686
0.8322,-15.3033006961544
0.8323,-15.279890379407
0.8324,-15.2565133295008
0.8325,-15.2331699180322
0.8326,-15.2098605072798
0.8327,-15.1865854503619
0.8328,-15.1633450913921
0.8329,-15.1401397656331
0.833,-15.1169697996478
0.8331,-15.0938355114495
0.8332,-15.0707372106485
0.8333,-15.0476751985982
0.8334,-15.0246497685385
0.8335,-15.0016612057366
0.8336,-14.9787097876272
0.8337,-14.9557957839495
0.8338,-14.9329194568829
0.8339,-14.9100810611806
0.834,-14.8872808443009
0.8341,-14.8645190465374
0.8342,-14.8417959011466
0.8343,-14.8191116344737
0.8344,-14.796466466077
0.8345,-14.7738606088498
0.8346,-14.7512942691414
0.8347,-14.7287676468748
0.8348,-14.7062809356642
0.8349,-14.6838343229299
0.835,-14.6614279900114
0.8351,-14.639062112279
0.8352,-14.6167368592437
0.8353,-14.5944523946651
0.8354,-14.5722088766583
0.8355,-14.5500064577979
0.8356,-14.5278452852218
0.8357,-14.5057255007324
0.8358,-14.4836472408966
0.8359,-14.4616106371438
0.836,-14.439615815863
0.8361,-14.4176628984977
0.8362,-14.3957520016399
0.8363,-14.3738832371219
0.8364,-14.3520567121068
0.8365,-14.3302725291783
0.8366,-14.3085307864279
0.8367,-14.2868315775412
0.8368,-14.2651749918831
0.8369,-14.243561114581
0.837,-14.221990026607
0.8371,-14.2004618048586
0.8372,-14.1789765222379
0.8373,-14.1575342477303
0.8374,-14.1361350464804
0.8375,-14.1147789798683
0.8376,-14.0934661055831
0.8377,-14.0721964776966
0.8378,-14.0509701467343
0.8379,-14.0297871597465
0.838,-14.0086475603774
0.8381,-13.987551388933
0.8382,-13.9664986824488
0.8383,-13.9454894747547
0.8384,-13.9245237965405
0.8385,-13.9036016754191
0.8386,-13.8827231359892
0.8387,-13.8618881998965
0.8388,-13.8410968858944
0.8389,-13.820349209903
0.839,-13.7996451850677
0.8391,-13.7789848218162
0.8392,-13.758368127915
0.8393,-13.7377951085247
0.8394,-13.7172657662542
0.8395,-13.6967801012142
0.8396,-13.6763381110695
0.8397,-13.655939791091
0.8398,-13.6355851342055
0.8399,-13.6152741310463
0.84,-13.5950067700015
0.8401,-13.5747830372622
0.8402,-13.5546029168695
0.8403,-13.534466390761
0.8404,-13.5143734388161
0.8405,-13.4943240389008
0.8406,-13.4743181669113
0.8407,-13.4543557968176
0.8408,-13.4344369007053
0.8409,-13.4145614488174
0.841,-13.394729409595
0.8411,-13.3749407497175
0.8412,-13.355195434142
0.8413,-13.3354934261417
0.8414,-13.3158346873439
0.8415,-13.2962191777675
0.8416,-13.2766468558595
0.8417,-13.2571176785305
0.8418,-13.2376316011908
0.8419,-13.218188577784
0.842,-13.198788560822
0.8421,-13.1794315014175
0.8422,-13.1601173493176
0.8423,-13.1408460529351
0.8424,-13.1216175593808
0.8425,-13.1024318144941
0.8426,-13.0832887628735
0.8427,-13.0641883479066
0.8428,-13.0451305117993
0.8429,-13.0261151956043
0.843,-13.00714233925
0.8431,-12.9882118815678
0.8432,-12.9693237603191
0.8433,-12.9504779122224
0.8434,-12.9316742729795
0.8435,-12.9129127773009
0.8436,-12.8941933589312
0.8437,-12.875515950674
0.8438,-12.8568804844162
0.8439,-12.8382868911515
0.844,-12.8197351010041
0.8441,-12.8012250432518
0.8442,-12.7827566463481
0.8443,-12.7643298379447
0.8444,-12.7459445449131
0.8445,-12.7276006933657
0.8446,-12.7092982086769
0.8447,-12.6910370155035
0.8448,-12.6728170378048
0.8449,-12.6546381988623
0.845,-12.6365004212992
0.8451,-12.618403627099
0.8452,-12.6003477376246
0.8453,-12.5823326736361
0.8454,-12.5643583553091
0.8455,-12.5464247022521
0.8456,-12.5285316335235
0.8457,-12.510679067649
0.8458,-12.4928669226377
0.8459,-12.4750951159988
0.846,-12.4573635647569
0.8461,-12.4396721854684
0.8462,-12.4220208942363
0.8463,-12.4044096067254
0.8464,-12.3868382381772
0.8465,-12.3693067034239
0.8466,-12.3518149169032
0.8467,-12.3343627926716
0.8468,-12.3169502444185
0.8469,-12.2995771854792
0.847,-12.2822435288484
0.8471,-12.2649491871925
0.8472,-12.2476940728628
0.8473,-12.2304780979072
0.8474,-12.2133011740829
0.8475,-12.1961632128679
0.8476,-12.1790641254727
0.8477,-12.1620038228517
0.8478,-12.1449822157143
0.8479,-12.1279992145361
0.848,-12.1110547295692
0.8481,-12.0941486708531
0.8482,-12.0772809482249
0.8483,-12.0604514713291
0.8484,-12.0436601496279
0.8485,-12.0269068924108
0.8486,-12.0101916088038
0.8487,-11.9935142077789
0.8488,-11.9768745981635
0.8489,-11.9602726886487
0.849,-11.9437083877986
0.8491,-11.9271816040587
0.8492,-11.910692245764
0.8493,-11.8942402211477
0.8494,-11.8778254383489
0.8495,-11.8614478054207
0.8496,-11.8451072303376
0.8497,-11.8288036210034
0.8498,-11.8125368852586
0.8499,-11.7963069308873
0.85,-11.7801136656245
0.8501,-11.7639569971633
0.8502,-11.7478368331613
0.8503,-11.7317530812473
0.8504,-11.7157056490282
0.8505,-11.6996944440949
0.8506,-11.6837193740287
0.8507,-11.6677803464078
0.8508,-11.6518772688124
0.8509,-11.6360100488316
0.851,-11.6201785940683
0.8511,-11.6043828121451
0.8512,-11.58862261071
0.8513,-11.5728978974412
0.8514,-11.5572085800531
0.8515,-11.5415545663005
0.8516,-11.5259357639846
0.8517,-11.5103520809571
0.8518,-11.4948034251255
0.8519,-11.4792897044574
0.852,-11.4638108269853
0.8521,-11.4483667008114
0.8522,-11.4329572341112
0.8523,-11.4175823351383
0.8524,-11.4022419122288
0.8525,-11.3869358738048
0.8526,-11.3716641283786
0.8527,-11.356426584557
0.8528,-11.3412231510444
0.8529,-11.3260537366473
0.853,-11.3109182502772
0.8531,-11.2958166009546
0.8532,-11.2807486978125
0.8533,-11.2657144500995
0.8534,-11.2507137671833
0.8535,-11.2357465585537
0.8536,-11.2208127338261
0.8537,-11.2059122027444
0.8538,-11.1910448751838
0.8539,-11.1762106611541
0.854,-11.161409470802
0.8541,-11.1466412144148
0.8542,-11.131905802422
0.8543,-11.1172031453987
0.8544,-11.102533154068
0.8545,-11.0878957393033
0.8546,-11.0732908121311
0.8547,-11.0587182837329
0.8548,-11.0441780654482
0.8549,-11.0296700687761
0.855,-11.0151942053778
0.8551,-11.0007503870787
0.8552,-10.9863385258706
0.8553,-10.9719585339134
0.8554,-10.9576103235376
0.8555,-10.9432938072456
0.8556,-10.9290088977141
0.8557,-10.9147555077956
0.8558,-10.9005335505202
0.8559,-10.8863429390974
0.856,-10.8721835869178
0.8561,-10.8580554075545
0.8562,-10.8439583147649
0.8563,-10.8298922224921
0.8564,-10.8158570448664
0.8565,-10.8018526962067
0.8566,-10.787879091022
0.8567,-10.7739361440125
0.8568,-10.7600237700713
0.8569,-10.7461418842851
0.857,-10.7322904019362
0.8571,-10.7184692385026
0.8572,-10.7046783096604
0.8573,-10.6909175312838
0.8574,-10.6771868194469
0.8575,-10.6634860904243
0.8576,-10.6498152606923
0.8577,-10.6361742469299
0.8578,-10.6225629660194
0.8579,-10.6089813350479
0.858,-10.5954292713073
0.8581,-10.5819066922959
0.8582,-10.5684135157189
0.8583,-10.554949659489
0.8584,-10.5415150417274
0.8585,-10.5281095807643
0.8586,-10.5147331951397
0.8587,-10.5013858036038
0.8588,-10.488067325118
0.8589,-10.4747776788554
0.859,-10.4615167842008
0.8591,-10.448284560752
0.8592,-10.4350809283198
0.8593,-10.421905806929
0.8594,-10.4087591168179
0.8595,-10.3956407784398
0.8596,-10.3825507124628
0.8597,-10.3694888397703
0.8598,-10.3564550814613
0.8599,-10.3434493588509
0.86,-10.3304715934705
0.8601,-10.317521707068
0.8602,-10.3045996216084
0.8603,-10.2917052592736
0.8604,-10.278838542463
0.8605,-10.2659993937934
0.8606,-10.2531877360995
0.8607,-10.2404034924339
0.8608,-10.2276465860672
0.8609,-10.2149169404883
0.861,-10.2022144794042
0.8611,-10.1895391267407
0.8612,-10.1768908066416
0.8613,-10.1642694434696
0.8614,-10.151674961806
0.8615,-10.1391072864505
0.8616,-10.1265663424216
0.8617,-10.1140520549563
0.8618,-10.1015643495105
0.8619,-10.0891031517584
0.862,-10.0766683875929
0.8621,-10.0642599831253
0.8622,-10.0518778646854
0.8623,-10.0395219588212
0.8624,-10.0271921922989
0.8625,-10.014888492103
0.8626,-10.0026107854357
0.8627,-9.99035899971737
0.8628,-9.97813306258572
0.8629,-9.9659329018962
0.863,-9.95375844572149
0.8631,-9.94160962235148
0.8632,-9.92948636029302
0.8633,-9.91738858826965
0.8634,-9.90531623522151
0.8635,-9.89326923030501
0.8636,-9.88124750289258
0.8637,-9.86925098257253
0.8638,-9.85727959914867
0.8639,-9.84533328264009
0.864,-9.8334119632809
0.8641,-9.82151557151992
0.8642,-9.80964403802039
0.8643,-9.79779729365965
0.8644,-9.78597526952885
0.8645,-9.77417789693262
0.8646,-9.76240510738874
0.8647,-9.75065683262779
0.8648,-9.73893300459286
0.8649,-9.7272335554391
0.865,-9.71555841753343
0.8651,-9.70390752345422
0.8652,-9.69228080599077
0.8653,-9.68067819814309
0.8654,-9.6690996331214
0.8655,-9.65754504434581
0.8656,-9.64601436544586
0.8657,-9.63450753026018
0.8658,-9.62302447283603
0.8659,-9.61156512742888
0.866,-9.60012942850204
0.8661,-9.58871731072619
0.8662,-9.57732870897895
0.8663,-9.56596355834445
0.8664,-9.55462179411292
0.8665,-9.54330335178015
0.8666,-9.53200816704716
0.8667,-9.52073617581966
0.8668,-9.50948731420759
0.8669,-9.49826151852469
0.867,-9.48705872528804
0.8671,-9.47587887121755
0.8672,-9.46472189323544
0.8673,-9.4535877284659
0.8674,-9.44247631423448
0.8675,-9.43138758806762
0.8676,-9.42032148769222
0.8677,-9.40927795103508
0.8678,-9.39825691622241
0.8679,-9.38725832157936
0.868,-9.37628210562952
0.8681,-9.36532820709434
0.8682,-9.35439656489271
0.8683,-9.34348711814039
0.8684,-9.33259980614953
0.8685,-9.32173456842809
0.8686,-9.31089134467939
0.8687,-9.30007007480158
0.8688,-9.28927069888704
0.8689,-9.27849315722193
0.869,-9.26773739028566
0.8691,-9.25700333875028
0.8692,-9.24629094348004
0.8693,-9.23560014553082
0.8694,-9.22493088614955
0.8695,-9.21428310677371
0.8696,-9.20365674903084
0.8697,-9.19305175473789
0.8698,-9.18246806590071
0.8699,-9.17190562471361
0.87,-9.16136437355868
0.8701,-9.15084425500526
0.8702,-9.14034521180948
0.8703,-9.12986718691363
0.8704,-9.1194101234456
0.8705,-9.10897396471841
0.8706,-9.0985586542296
0.8707,-9.08816413566063
0.8708,-9.07779035287644
0.8709,-9.06743724992481
0.871,-9.05710477103582
0.8711,-9.0467928606213
0.8712,-9.03650146327427
0.8713,-9.0262305237684
0.8714,-9.01597998705744
0.8715,-9.00574979827461
0.8716,-8.99553990273217
0.8717,-8.98535024592066
0.8718,-8.97518077350859
0.8719,-8.96503143134168
0.872,-8.95490216544234
0.8721,-8.9447929220092
0.8722,-8.93470364741647
0.8723,-8.92463428821338
0.8724,-8.91458479112363
0.8725,-8.90455510304487
0.8726,-8.89454517104809
0.8727,-8.88455494237705
0.8728,-8.87458436444778
0.8729,-8.86463338484799
0.873,-8.85470195133646
0.8731,-8.84479001184258
0.8732,-8.83489751446571
0.8733,-8.82502440747462
0.8734,-8.81517063930702
0.8735,-8.80533615856891
0.8736,-8.79552091403403
0.8737,-8.78572485464338
0.8738,-8.77594792950457
0.8739,-8.76619008789133
0.874,-8.75645127924288
0.8741,-8.7467314531635
0.8742,-8.73703055942183
0.8743,-8.72734854795041
0.8744,-8.71768536884513
0.8745,-8.7080409723646
0.8746,-8.69841530892968
0.8747,-8.68880832912289
0.8748,-8.67921998368787
0.8749,-8.66965022352882
0.875,-8.66009899970996
0.8751,-8.650566263455
0.8752,-8.64105196614655
0.8753,-8.63155605932562
0.8754,-8.62207849469103
0.8755,-8.61261922409893
0.8756,-8.60317819956216
0.8757,-8.59375537324981
0.8758,-8.58435069748663
0.8759,-8.57496412475246
0.876,-8.56559560768177
0.8761,-8.55624509906306
0.8762,-8.5469125518383
0.8763,-8.5375979191025
0.8764,-8.52830115410305
0.8765,-8.51902221023931
0.8766,-8.50976104106194
0.8767,-8.50051760027248
0.8768,-8.4912918417228
0.8769,-8.4820837194145
0.877,-8.47289318749847
0.8771,-8.46372020027433
0.8772,-8.45456471218989
0.8773,-8.44542667784062
0.8774,-8.43630605196918
0.8775,-8.42720278946484
0.8776,-8.41811684536299
0.8777,-8.40904817484461
0.8778,-8.39999673323577
0.8779,-8.39096247600708
0.878,-8.38194535877318
0.8781,-8.37294533729229
0.8782,-8.36396236746559
0.8783,-8.35499640533679
0.8784,-8.34604740709162
0.8785,-8.33711532905725
0.8786,-8.32820012770186
0.8787,-8.31930175963409
0.8788,-8.31042018160257
0.8789,-8.30155535049536
0.879,-8.29270722333952
0.8791,-8.28387575730058
0.8792,-8.27506090968197
0.8793,-8.26626263792466
0.8794,-8.25748089960658
0.8795,-8.24871565244207
0.8796,-8.23996685428156
0.8797,-8.2312344631109
0.8798,-8.22251843705095
0.8799,-8.21381873435709
0.88,-8.20513531341876
0.8801,-8.19646813275887
0.8802,-8.18781715103345
0.8803,-8.17918232703106
0.8804,-8.17056361967239
0.8805,-8.1619609880097
0.8806,-8.15337439122639
0.8807,-8.14480378863656
0.8808,-8.13624913968443
0.8809,-8.12771040394395
0.881,-8.11918754111834
0.8811,-8.1106805110395
0.8812,-8.10218927366769
0.8813,-8.09371378909099
0.8814,-8.0852540175248
0.8815,-8.07680991931145
0.8816,-8.06838145491969
0.8817,-8.05996858494421
0.8818,-8.05157127010524
0.8819,-8.04318947124806
0.882,-8.03482314934252
0.8821,-8.02647226548261
0.8822,-8.018136780886
0.8823,-8.00981665689362
0.8824,-8.00151185496911
0.8825,-7.99322233669849
0.8826,-7.98494806378965
0.8827,-7.97668899807188
0.8828,-7.96844510149549
0.8829,-7.96021633613134
0.883,-7.95200266417034
0.8831,-7.94380404792311
0.8832,-7.93562044981946
0.8833,-7.92745183240801
0.8834,-7.91929815835568
0.8835,-7.91115939044734
0.8836,-7.90303549158535
0.8837,-7.89492642478908
0.8838,-7.88683215319453
0.8839,-7.8787526400539
0.884,-7.87068784873514
0.8841,-7.86263774272154
0.8842,-7.85460228561131
0.8843,-7.84658144111713
0.8844,-7.83857517306576
0.8845,-7.83058344539763
0.8846,-7.82260622216637
0.8847,-7.81464346753843
0.8848,-7.80669514579268
0.8849,-7.79876122131997
0.885,-7.79084165862269
0.8851,-7.78293642231445
0.8852,-7.7750454771196
0.8853,-7.76716878787279
0.8854,-7.75930631951868
0.8855,-7.75145803711145
0.8856,-7.74362390581437
0.8857,-7.73580389089951
0.8858,-7.72799795774723
0.8859,-7.72020607184584
0.886,-7.71242819879118
0.8861,-7.70466430428626
0.8862,-7.69691435414081
0.8863,-7.68917831427092
0.8864,-7.68145615069865
0.8865,-7.67374782955167
0.8866,-7.66605331706275
0.8867,-7.65837257956957
0.8868,-7.65070558351416
0.8869,-7.64305229544258
0.887,-7.63541268200457
0.8871,-7.62778670995311
0.8872,-7.62017434614412
0.8873,-7.61257555753596
0.8874,-7.60499031118918
0.8875,-7.59741857426608
0.8876,-7.58986031403033
0.8877,-7.58231549784662
0.8878,-7.5747840931803
0.8879,-7.56726606759697
0.888,-7.55976138876216
0.8881,-7.55227002444092
0.8882,-7.54479194249749
0.8883,-7.5373271108949
0.8884,-7.52987549769467
0.8885,-7.52243707105635
0.8886,-7.51501179923727
0.8887,-7.50759965059211
0.8888,-7.50020059357255
0.8889,-7.49281459672694
0.889,-7.48544162869995
0.8891,-7.47808165823218
0.8892,-7.47073465415983
0.8893,-7.46340058541436
0.8894,-7.45607942102214
0.8895,-7.44877113010407
0.8896,-7.44147568187528
0.8897,-7.43419304564476
0.8898,-7.42692319081501
0.8899,-7.41966608688173
0.89,-7.41242170343344
0.8901,-7.40519001015119
0.8902,-7.39797097680816
0.8903,-7.39076457326935
0.8904,-7.38357076949132
0.8905,-7.37638953552169
0.8906,-7.36922084149897
0.8907,-7.36206465765217
0.8908,-7.35492095430042
0.8909,-7.34778970185271
0.891,-7.34067087080754
0.8911,-7.3335644317526
0.8912,-7.32647035536443
0.8913,-7.31938861240809
0.8914,-7.3123191737369
0.8915,-7.305262010292
0.8916,-7.29821709310216
0.8917,-7.2911843932834
0.8918,-7.28416388203865
0.8919,-7.27715553065749
0.892,-7.27015931051579
0.8921,-7.26317519307543
0.8922,-7.25620314988394
0.8923,-7.24924315257428
0.8924,-7.24229517286441
0.8925,-7.23535918255708
0.8926,-7.2284351535395
0.8927,-7.22152305778298
0.8928,-7.2146228673427
0.8929,-7.20773455435735
0.893,-7.20085809104889
0.8931,-7.19399344972217
0.8932,-7.18714060276469
0.8933,-7.1802995226463
0.8934,-7.17347018191883
0.8935,-7.16665255321593
0.8936,-7.15984660925264
0.8937,-7.15305232282514
0.8938,-7.14626966681053
0.8939,-7.1394986141664
0.894,-7.13273913793071
0.8941,-7.1259912112213
0.8942,-7.11925480723581
0.8943,-7.11252989925123
0.8944,-7.1058164606237
0.8945,-7.0991144647882
0.8946,-7.0924238852583
0.8947,-7.08574469562578
0.8948,-7.07907686956049
0.8949,-7.07242038080997
0.895,-7.06577520319918
0.8951,-7.05914131063028
0.8952,-7.05251867708228
0.8953,-7.04590727661081
0.8954,-7.03930708334786
0.8955,-7.03271807150145
0.8956,-7.02614021535541
0.8957,-7.01957348926907
0.8958,-7.01301786767705
0.8959,-7.00647332508891
0.896,-6.99993983608893
0.8961,-6.99341737533587
0.8962,-6.98690591756264
0.8963,-6.98040543757606
0.8964,-6.97391591025663
0.8965,-6.96743731055824
0.8966,-6.96096961350788
0.8967,-6.95451279420545
0.8968,-6.94806682782344
0.8969,-6.94163168960671
0.897,-6.93520735487217
0.8971,-6.92879379900862
0.8972,-6.92239099747644
0.8973,-6.91599892580731
0.8974,-6.90961755960401
0.8975,-6.90324687454016
0.8976,-6.89688684635993
0.8977,-6.89053745087782
0.8978,-6.88419866397844
0.8979,-6.87787046161617
0.898,-6.87155281981502
0.8981,-6.86524571466832
0.8982,-6.85894912233852
0.8983,-6.85266301905685
0.8984,-6.84638738112322
0.8985,-6.84012218490586
0.8986,-6.83386740684113
0.8987,-6.82762302343328
0.8988,-6.82138901125421
0.8989,-6.8151653469432
0.899,-6.80895200720673
0.8991,-6.8027489688182
0.8992,-6.79655620861769
0.8993,-6.79037370351177
0.8994,-6.78420143047323
0.8995,-6.77803936654086
0.8996,-6.7718874888192
0.8997,-6.76574577447836
0.8998,-6.75961420075373
0.8999,-6.75349274494578
0.9,-6.74738138441985
0.9001,-6.74128009660588
0.9002,-6.73518885899823
0.9003,-6.72910764915542
0.9004,-6.72303644469992
0.9005,-6.71697522331793
0.9006,-6.71092396275915
0.9007,-6.70488264083657
0.9008,-6.69885123542626
0.9009,-6.69282972446709
0.901,-6.68681808596057
0.9011,-6.68081629797065
0.9012,-6.67482433862343
0.9013,-6.668842186107
0.9014,-6.66286981867122
0.9015,-6.65690721462748
0.9016,-6.65095435234848
0.9017,-6.64501121026811
0.9018,-6.63907776688108
0.9019,-6.63315400074286
0.902,-6.62723989046938
0.9021,-6.62133541473686
0.9022,-6.61544055228157
0.9023,-6.60955528189966
0.9024,-6.60367958244694
0.9025,-6.59781343283865
0.9026,-6.59195681204928
0.9027,-6.58610969911237
0.9028,-6.58027207312029
0.9029,-6.57444391322405
0.903,-6.5686251986331
0.9031,-6.56281590861509
0.9032,-6.55701602249575
0.9033,-6.5512255196586
0.9034,-6.54544437954482
0.9035,-6.53967258165301
0.9036,-6.53391010553903
0.9037,-6.52815693081579
0.9038,-6.522413037153
0.9039,-6.51667840427707
0.904,-6.51095301197088
0.9041,-6.50523684007352
0.9042,-6.49952986848021
0.9043,-6.49383207714205
0.9044,-6.48814344606579
0.9045,-6.48246395531371
0.9046,-6.47679358500344
0.9047,-6.47113231530768
0.9048,-6.46548012645409
0.9049,-6.45983699872509
0.905,-6.45420291245766
0.9051,-6.44857784804314
0.9052,-6.44296178592711
0.9053,-6.43735470660913
0.9054,-6.43175659064257
0.9055,-6.4261674186345
0.9056,-6.42058717124542
0.9057,-6.41501582918909
0.9058,-6.40945337323242
0.9059,-6.40389978419523
0.906,-6.39835504295007
0.9061,-6.39281913042207
0.9062,-6.38729202758873
0.9063,-6.38177371547979
0.9064,-6.37626417517701
0.9065,-6.37076338781401
0.9066,-6.36527133457611
0.9067,-6.35978799670011
0.9068,-6.35431335547419
0.9069,-6.34884739223768
0.907,-6.34339008838088
0.9071,-6.33794142534496
0.9072,-6.33250138462172
0.9073,-6.32706994775343
0.9074,-6.32164709633268
0.9075,-6.31623281200223
0.9076,-6.3108270764548
0.9077,-6.3054298714329
0.9078,-6.30004117872872
0.9079,-6.29466098018392
0.908,-6.28928925768944
0.9081,-6.28392599318542
0.9082,-6.27857116866095
0.9083,-6.27322476615393
0.9084,-6.26788676775097
0.9085,-6.26255715558714
0.9086,-6.25723591184582
0.9087,-6.25192301875862
0.9088,-6.24661845860515
0.9089,-6.24132221371283
0.909,-6.23603426645683
0.9091,-6.23075459925985
0.9092,-6.22548319459195
0.9093,-6.22022003497042
0.9094,-6.21496510295962
0.9095,-6.20971838117082
0.9096,-6.20447985226205
0.9097,-6.19924949893795
0.9098,-6.19402730394958
0.9099,-6.18881325009433
0.91,-6.1836073202157
0.9101,-6.1784094972032
0.9102,-6.17321976399217
0.9103,-6.16803810356365
0.9104,-6.1628644989442
0.9105,-6.15769893320578
0.9106,-6.15254138946556
0.9107,-6.14739185088586
0.9108,-6.14225030067387
0.9109,-6.13711672208163
0.911,-6.1319910984058
0.9111,-6.12687341298754
0.9112,-6.12176364921237
0.9113,-6.11666179051003
0.9114,-6.11156782035432
0.9115,-6.10648172226295
0.9116,-6.10140347979742
0.9117,-6.09633307656286
0.9118,-6.0912704962079
0.9119,-6.08621572242452
0.912,-6.08116873894789
0.9121,-6.07612952955629
0.9122,-6.07109807807088
0.9123,-6.06607436835564
0.9124,-6.0610583843172
0.9125,-6.05605010990469
0.9126,-6.05104952910962
0.9127,-6.04605662596573
0.9128,-6.04107138454887
0.9129,-6.03609378897685
0.913,-6.03112382340929
0.9131,-6.02616147204753
0.9132,-6.02120671913445
0.9133,-6.01625954895434
0.9134,-6.01131994583282
0.9135,-6.00638789413661
0.9136,-6.0014633782735
0.9137,-5.99654638269214
0.9138,-5.99163689188196
0.9139,-5.98673489037299
0.914,-5.9818403627358
0.9141,-5.97695329358127
0.9142,-5.97207366756055
0.9143,-5.96720146936491
0.9144,-5.96233668372558
0.9145,-5.95747929541362
0.9146,-5.95262928923985
0.9147,-5.94778665005467
0.9148,-5.94295136274794
0.9149,-5.93812341224887
0.915,-5.93330278352589
0.9151,-5.9284894615865
0.9152,-5.92368343147719
0.9153,-5.91888467828329
0.9154,-5.91409318712883
0.9155,-5.90930894317644
0.9156,-5.90453193162724
0.9157,-5.89976213772067
0.9158,-5.89499954673441
0.9159,-5.89024414398425
0.916,-5.88549591482395
0.9161,-5.88075484464514
0.9162,-5.87602091887721
0.9163,-5.87129412298714
0.9164,-5.86657444247943
0.9165,-5.86186186289596
0.9166,-5.8571563698159
0.9167,-5.85245794885553
0.9168,-5.84776658566819
0.9169,-5.84308226594413
0.917,-5.83840497541036
0.9171,-5.83373469983063
0.9172,-5.82907142500522
0.9173,-5.82441513677087
0.9174,-5.81976582100064
0.9175,-5.81512346360382
0.9176,-5.81048805052583
0.9177,-5.80585956774803
0.9178,-5.80123800128772
0.9179,-5.79662333719792
0.918,-5.79201556156733
0.9181,-5.78741466052018
0.9182,-5.78282062021614
0.9183,-5.77823342685019
0.9184,-5.77365306665253
0.9185,-5.76907952588845
0.9186,-5.76451279085824
0.9187,-5.75995284789707
0.9188,-5.75539968337486
0.9189,-5.75085328369622
0.919,-5.74631363530029
0.9191,-5.74178072466067
0.9192,-5.73725453828532
0.9193,-5.73273506271638
0.9194,-5.72822228453015
0.9195,-5.72371619033697
0.9196,-5.71921676678103
0.9197,-5.71472400054039
0.9198,-5.71023787832678
0.9199,-5.70575838688554
0.92,-5.7012855129955
0.9201,-5.69681924346888
0.9202,-5.6923595651512
0.9203,-5.68790646492113
0.9204,-5.68345992969045
0.9205,-5.67901994640394
0.9206,-5.67458650203919
0.9207,-5.67015958360662
0.9208,-5.66573917814931
0.9209,-5.66132527274291
0.921,-5.65691785449554
0.9211,-5.65251691054771
0.9212,-5.64812242807218
0.9213,-5.64373439427389
0.9214,-5.63935279638986
0.9215,-5.6349776216891
0.9216,-5.63060885747246
0.9217,-5.62624649107261
0.9218,-5.62189050985388
0.9219,-5.61754090121219
0.922,-5.61319765257494
0.9221,-5.60886075140094
0.9222,-5.60453018518029
0.9223,-5.60020594143428
0.9224,-5.59588800771532
0.9225,-5.5915763716068
0.9226,-5.58727102072307
0.9227,-5.58297194270928
0.9228,-5.57867912524129
0.9229,-5.5743925560256
0.923,-5.57011222279928
0.9231,-5.56583811332981
0.9232,-5.56157021541503
0.9233,-5.55730851688306
0.9234,-5.55305300559219
0.9235,-5.54880366943075
0.9236,-5.5445604963171
0.9237,-5.54032347419949
0.9238,-5.53609259105594
0.9239,-5.53186783489422
0.924,-5.52764919375173
0.9241,-5.52343665569537
0.9242,-5.51923020882151
0.9243,-5.51502984125588
0.9244,-5.51083554115347
0.9245,-5.50664729669844
0.9246,-5.50246509610407
0.9247,-5.49828892761261
0.9248,-5.49411877949525
0.9249,-5.48995464005201
0.925,-5.48579649761163
0.9251,-5.48164434053153
0.9252,-5.4774981571977
0.9253,-5.47335793602458
0.9254,-5.46922366545507
0.9255,-5.46509533396032
0.9256,-5.46097293003975
0.9257,-5.45685644222091
0.9258,-5.4527458590594
0.9259,-5.44864116913881
0.926,-5.44454236107063
0.9261,-5.44044942349413
0.9262,-5.43636234507632
0.9263,-5.43228111451187
0.9264,-5.42820572052298
0.9265,-5.42413615185935
0.9266,-5.42007239729805
0.9267,-5.4160144456435
0.9268,-5.41196228572733
0.9269,-5.40791590640832
0.927,-5.40387529657233
0.9271,-5.39984044513219
0.9272,-5.39581134102769
0.9273,-5.39178797322539
0.9274,-5.38777033071864
0.9275,-5.38375840252744
0.9276,-5.37975217769841
0.9277,-5.37575164530465
0.9278,-5.37175679444571
0.9279,-5.3677676142475
0.928,-5.36378409386221
0.9281,-5.35980622246822
0.9282,-5.35583398927004
0.9283,-5.35186738349824
0.9284,-5.34790639440933
0.9285,-5.34395101128574
0.9286,-5.3400012234357
0.9287,-5.33605702019319
0.9288,-5.33211839091785
0.9289,-5.32818532499492
0.929,-5.32425781183514
0.9291,-5.3203358408747
0.9292,-5.31641940157515
0.9293,-5.31250848342332
0.9294,-5.30860307593128
0.9295,-5.30470316863621
0.9296,-5.3008087511004
0.9297,-5.29691981291109
0.9298,-5.29303634368047
0.9299,-5.28915833304559
0.93,-5.28528577066823
0.9301,-5.28141864623491
0.9302,-5.27755694945679
0.9303,-5.27370067006956
0.9304,-5.2698497978334
0.9305,-5.26600432253295
0.9306,-5.26216423397713
0.9307,-5.25832952199919
0.9308,-5.25450017645657
0.9309,-5.25067618723081
0.931,-5.24685754422756
0.9311,-5.24304423737644
0.9312,-5.239236256631
0.9313,-5.23543359196863
0.9314,-5.23163623339054
0.9315,-5.22784417092162
0.9316,-5.22405739461042
0.9317,-5.22027589452908
0.9318,-5.21649966077325
0.9319,-5.21272868346199
0.932,-5.20896295273779
0.9321,-5.2052024587664
0.9322,-5.20144719173685
0.9323,-5.1976971418613
0.9324,-5.19395229937505
0.9325,-5.19021265453644
0.9326,-5.18647819762675
0.9327,-5.18274891895022
0.9328,-5.17902480883389
0.9329,-5.17530585762759
0.933,-5.17159205570385
0.9331,-5.16788339345788
0.9332,-5.16417986130743
0.9333,-5.16048144969277
0.9334,-5.15678814907666
0.9335,-5.1530999499442
0.9336,-5.14941684280284
0.9337,-5.14573881818227
0.9338,-5.1420658666344
0.9339,-5.13839797873325
0.934,-5.13473514507492
0.9341,-5.13107735627751
0.9342,-5.12742460298105
0.9343,-5.12377687584747
0.9344,-5.12013416556053
0.9345,-5.1164964628257
0.9346,-5.11286375837019
0.9347,-5.1092360429428
0.9348,-5.10561330731394
0.9349,-5.1019955422755
0.935,-5.09838273864083
0.9351,-5.09477488724467
0.9352,-5.09117197894308
0.9353,-5.08757400461337
0.9354,-5.0839809551541
0.9355,-5.08039282148492
0.9356,-5.0768095945466
0.9357,-5.07323126530094
0.9358,-5.06965782473069
0.9359,-5.06608926383949
0.936,-5.06252557365188
0.9361,-5.05896674521313
0.9362,-5.05541276958929
0.9363,-5.05186363786704
0.9364,-5.0483193411537
0.9365,-5.04477987057715
0.9366,-5.04124521728574
0.9367,-5.03771537244829
0.9368,-5.03419032725397
0.9369,-5.03067007291231
0.937,-5.02715460065308
0.9371,-5.02364390172628
0.9372,-5.02013796740205
0.9373,-5.01663678897064
0.9374,-5.01314035774233
0.9375,-5.00964866504739
0.9376,-5.00616170223602
0.9377,-5.0026794606783
0.9378,-4.99920193176411
0.9379,-4.99572910690311
0.938,-4.99226097752466
0.9381,-4.98879753507777
0.9382,-4.98533877103105
0.9383,-4.98188467687266
0.9384,-4.97843524411023
0.9385,-4.97499046427083
0.9386,-4.97155032890092
0.9387,-4.96811482956629
0.9388,-4.96468395785197
0.9389,-4.96125770536225
0.939,-4.95783606372056
0.9391,-4.95441902456943
0.9392,-4.95100657957048
0.9393,-4.94759872040432
0.9394,-4.94419543877051
0.9395,-4.9407967263875
0.9396,-4.93740257499263
0.9397,-4.93401297634199
0.9398,-4.93062792221043
0.9399,-4.92724740439151
0.94,-4.92387141469739
0.9401,-4.92049994495885
0.9402,-4.91713298702521
0.9403,-4.91377053276427
0.9404,-4.91041257406224
0.9405,-4.90705910282376
0.9406,-4.90371011097176
0.9407,-4.90036559044749
0.9408,-4.8970255332104
0.9409,-4.89368993123816
0.941,-4.89035877652654
0.9411,-4.8870320610894
0.9412,-4.88370977695865
0.9413,-4.88039191618416
0.9414,-4.87707847083376
0.9415,-4.87376943299315
0.9416,-4.87046479476586
0.9417,-4.86716454827322
0.9418,-4.86386868565429
0.9419,-4.86057719906585
0.942,-4.85729008068226
0.9421,-4.85400732269554
0.9422,-4.85072891731521
0.9423,-4.8474548567683
0.9424,-4.84418513329931
0.9425,-4.84091973917011
0.9426,-4.83765866665994
0.9427,-4.83440190806536
0.9428,-4.83114945570017
0.9429,-4.82790130189539
0.943,-4.82465743899921
0.9431,-4.82141785937694
0.9432,-4.81818255541096
0.9433,-4.81495151950067
0.9434,-4.81172474406247
0.9435,-4.80850222152969
0.9436,-4.80528394435252
0.9437,-4.80206990499802
0.9438,-4.79886009595005
0.9439,-4.79565450970922
0.944,-4.79245313879283
0.9441,-4.78925597573485
0.9442,-4.78606301308588
0.9443,-4.78287424341306
0.9444,-4.77968965930009
0.9445,-4.77650925334714
0.9446,-4.7733330181708
0.9447,-4.77016094640409
0.9448,-4.76699303069634
0.9449,-4.76382926371321
0.945,-4.76066963813661
0.9451,-4.75751414666467
0.9452,-4.7543627820117
0.9453,-4.75121553690813
0.9454,-4.74807240410048
0.9455,-4.74493337635132
0.9456,-4.74179844643921
0.9457,-4.73866760715867
0.9458,-4.73554085132016
0.9459,-4.73241817174996
0.946,-4.72929956129022
0.9461,-4.72618501279888
0.9462,-4.72307451914961
0.9463,-4.71996807323177
0.9464,-4.7168656679504
0.9465,-4.71376729622616
0.9466,-4.71067295099529
0.9467,-4.70758262520955
0.9468,-4.7044963118362
0.9469,-4.70141400385797
0.947,-4.69833569427297
0.9471,-4.69526137609471
0.9472,-4.69219104235202
0.9473,-4.68912468608901
0.9474,-4.68606230036506
0.9475,-4.68300387825473
0.9476,-4.67994941284777
0.9477,-4.67689889724905
0.9478,-4.67385232457852
0.9479,-4.67080968797119
0.948,-4.66777098057708
0.9481,-4.66473619556115
0.9482,-4.66170532610331
0.9483,-4.65867836539836
0.9484,-4.65565530665595
0.9485,-4.65263614310051
0.9486,-4.6496208679713
0.9487,-4.64660947452224
0.9488,-4.64360195602199
0.9489,-4.64059830575387
0.949,-4.63759851701577
0.9491,-4.63460258312019
0.9492,-4.63161049739417
0.9493,-4.62862225317923
0.9494,-4.62563784383138
0.9495,-4.62265726272102
0.9496,-4.61968050323296
0.9497,-4.61670755876634
0.9498,-4.61373842273464
0.9499,-4.61077308856557
0.95,-4.60781154970113
0.9501,-4.60485379959745
0.9502,-4.60189983172488
0.9503,-4.59894963956787
0.9504,-4.59600321662494
0.9505,-4.59306055640869
0.9506,-4.59012165244573
0.9507,-4.5871864982766
0.9508,-4.58425508745585
0.9509,-4.58132741355189
0.951,-4.57840347014699
0.9511,-4.57548325083729
0.9512,-4.57256674923268
0.9513,-4.56965395895684
0.9514,-4.56674487364715
0.9515,-4.5638394869547
0.9516,-4.56093779254423
0.9517,-4.55803978409406
0.9518,-4.55514545529614
0.9519,-4.55225479985593
0.952,-4.54936781149241
0.9521,-4.54648448393805
0.9522,-4.54360481093874
0.9523,-4.54072878625378
0.9524,-4.53785640365583
0.9525,-4.53498765693092
0.9526,-4.53212253987834
0.9527,-4.52926104631068
0.9528,-4.52640317005374
0.9529,-4.52354890494652
0.953,-4.52069824484119
0.9531,-4.51785118360305
0.9532,-4.5150077151105
0.9533,-4.512167833255
0.9534,-4.50933153194102
0.9535,-4.50649880508605
0.9536,-4.50366964662053
0.9537,-4.50084405048782
0.9538,-4.49802201064419
0.9539,-4.49520352105877
0.954,-4.49238857571351
0.9541,-4.48957716860315
0.9542,-4.4867692937352
0.9543,-4.48396494512991
0.9544,-4.48116411682021
0.9545,-4.47836680285171
0.9546,-4.47557299728263
0.9547,-4.47278269418381
0.9548,-4.46999588763864
0.9549,-4.46721257174306
0.955,-4.46443274060551
0.9551,-4.46165638834689
0.9552,-4.45888350910055
0.9553,-4.45611409701224
0.9554,-4.45334814624009
0.9555,-4.45058565095457
0.9556,-4.44782660533847
0.9557,-4.44507100358684
0.9558,-4.44231883990702
0.9559,-4.43957010851851
0.956,-4.43682480365305
0.9561,-4.43408291955451
0.9562,-4.4313444504789
0.9563,-4.42860939069429
0.9564,-4.42587773448086
0.9565,-4.42314947613078
0.9566,-4.42042460994827
0.9567,-4.41770313024946
0.9568,-4.41498503136249
0.9569,-4.41227030762735
0.957,-4.40955895339594
0.9571,-4.40685096303202
0.9572,-4.40414633091114
0.9573,-4.40144505142067
0.9574,-4.39874711895973
0.9575,-4.39605252793916
0.9576,-4.39336127278152
0.9577,-4.39067334792102
0.9578,-4.38798874780354
0.9579,-4.38530746688655
0.958,-4.38262949963912
0.9581,-4.37995484054185
0.9582,-4.37728348408689
0.9583,-4.37461542477787
0.9584,-4.3719506571299
0.9585,-4.36928917566952
0.9586,-4.36663097493468
0.9587,-4.36397604947472
0.9588,-4.3613243938503
0.9589,-4.35867600263344
0.959,-4.35603087040745
0.9591,-4.35338899176689
0.9592,-4.35075036131757
0.9593,-4.3481149736765
0.9594,-4.34548282347189
0.9595,-4.34285390534308
0.9596,-4.34022821394056
0.9597,-4.3376057439259
0.9598,-4.33498648997176
0.9599,-4.33237044676181
0.96,-4.32975760899077
0.9601,-4.32714797136433
0.9602,-4.32454152859913
0.9603,-4.32193827542278
0.9604,-4.31933820657375
0.9605,-4.31674131680142
0.9606,-4.31414760086601
0.9607,-4.31155705353855
0.9608,-4.3089696696009
0.9609,-4.30638544384565
0.961,-4.30380437107617
0.9611,-4.30122644610653
0.9612,-4.29865166376148
0.9613,-4.29608001887645
0.9614,-4.2935115062975
0.9615,-4.29094612088131
0.9616,-4.28838385749512
0.9617,-4.28582471101675
0.9618,-4.28326867633453
0.9619,-4.28071574834734
0.962,-4.27816592196448
0.9621,-4.27561919210575
0.9622,-4.27307555370135
0.9623,-4.2705350016919
0.9624,-4.26799753102837
0.9625,-4.26546313667212
0.9626,-4.2629318135948
0.9627,-4.26040355677837
0.9628,-4.25787836121508
0.9629,-4.2553562219074
0.963,-4.25283713386804
0.9631,-4.25032109211991
0.9632,-4.24780809169608
0.9633,-4.24529812763979
0.9634,-4.24279119500437
0.9635,-4.24028728885328
0.9636,-4.23778640426003
0.9637,-4.23528853630819
0.9638,-4.23279368009136
0.9639,-4.23030183071312
0.964,-4.22781298328704
0.9641,-4.22532713293663
0.9642,-4.22284427479533
0.9643,-4.22036440400648
0.9644,-4.21788751572329
0.9645,-4.21541360510885
0.9646,-4.21294266733604
0.9647,-4.21047469758756
0.9648,-4.20800969105591
0.9649,-4.20554764294332
0.965,-4.20308854846176
0.9651,-4.20063240283292
0.9652,-4.19817920128815
0.9653,-4.19572893906849
0.9654,-4.19328161142459
0.9655,-4.19083721361675
0.9656,-4.18839574091483
0.9657,-4.18595718859827
0.9658,-4.18352155195605
0.9659,-4.18108882628667
0.966,-4.17865900689813
0.9661,-4.17623208910792
0.9662,-4.17380806824295
0.9663,-4.17138693963959
0.9664,-4.16896869864359
0.9665,-4.16655334061009
0.9666,-4.1641408609036
0.9667,-4.16173125489797
0.9668,-4.15932451797636
0.9669,-4.15692064553119
0.967,-4.15451963296421
0.9671,-4.15212147568637
0.9672,-4.14972616911785
0.9673,-4.14733370868807
0.9674,-4.14494408983558
0.9675,-4.14255730800812
0.9676,-4.14017335866255
0.9677,-4.13779223726486
0.9678,-4.13541393929012
0.9679,-4.13303846022247
0.968,-4.13066579555509
0.9681,-4.12829594079022
0.9682,-4.12592889143905
0.9683,-4.1235646430218
0.9684,-4.12120319106764
0.9685,-4.11884453111466
0.9686,-4.11648865870988
0.9687,-4.11413556940923
0.9688,-4.1117852587775
0.9689,-4.10943772238833
0.969,-4.1070929558242
0.9691,-4.10475095467642
0.9692,-4.10241171454503
0.9693,-4.10007523103891
0.9694,-4.09774149977565
0.9695,-4.09541051638158
0.9696,-4.09308227649171
0.9697,-4.09075677574978
0.9698,-4.08843400980815
0.9699,-4.08611397432786
0.97,-4.08379666497855
0.9701,-4.08148207743847
0.9702,-4.07917020739444
0.9703,-4.07686105054187
0.9704,-4.07455460258469
0.9705,-4.07225085923534
0.9706,-4.06994981621479
0.9707,-4.06765146925246
0.9708,-4.06535581408625
0.9709,-4.0630628464625
0.971,-4.06077256213595
0.9711,-4.05848495686976
0.9712,-4.05620002643546
0.9713,-4.05391776661294
0.9714,-4.05163817319043
0.9715,-4.04936124196447
0.9716,-4.04708696873993
0.9717,-4.04481534932993
0.9718,-4.04254637955585
0.9719,-4.04028005524734
0.972,-4.03801637224225
0.9721,-4.03575532638663
0.9722,-4.03349691353472
0.9723,-4.03124112954892
0.9724,-4.02898797029978
0.9725,-4.02673743166596
0.9726,-4.02448950953425
0.9727,-4.02224419979949
0.9728,-4.02000149836462
0.9729,-4.01776140114062
0.973,-4.01552390404649
0.9731,-4.01328900300926
0.9732,-4.0110566939639
0.9733,-4.00882697285343
0.9734,-4.00659983562875
0.9735,-4.00437527824875
0.9736,-4.0021532966802
0.9737,-3.99993388689778
0.9738,-3.99771704488406
0.9739,-3.99550276662945
0.974,-3.99329104813221
0.9741,-3.99108188539843
0.9742,-3.988875274442
0.9743,-3.9866712112846
0.9744,-3.98446969195566
0.9745,-3.98227071249239
0.9746,-3.98007426893971
0.9747,-3.97788035735026
0.9748,-3.97568897378438
0.9749,-3.97350011431008
0.975,-3.97131377500304
0.9751,-3.96912995194657
0.9752,-3.96694864123161
0.9753,-3.96476983895671
0.9754,-3.962593541228
0.9755,-3.96041974415918
0.9756,-3.95824844387152
0.9757,-3.9560796364938
0.9758,-3.95391331816234
0.9759,-3.95174948502094
0.976,-3.94958813322091
0.9761,-3.94742925892099
0.9762,-3.9452728582874
0.9763,-3.94311892749377
0.9764,-3.94096746272114
0.9765,-3.93881846015798
0.9766,-3.93667191600009
0.9767,-3.93452782645067
0.9768,-3.93238618772025
0.9769,-3.93024699602668
0.977,-3.92811024759513
0.9771,-3.92597593865806
0.9772,-3.92384406545522
0.9773,-3.92171462423359
0.9774,-3.91958761124741
0.9775,-3.91746302275817
0.9776,-3.91534085503452
0.9777,-3.91322110435233
0.9778,-3.91110376699465
0.9779,-3.90898883925168
0.978,-3.90687631742077
0.9781,-3.90476619780639
0.9782,-3.90265847672012
0.9783,-3.90055315048063
0.9784,-3.89845021541367
0.9785,-3.89634966785206
0.9786,-3.89425150413565
0.9787,-3.89215572061133
0.9788,-3.89006231363299
0.9789,-3.88797127956152
0.979,-3.88588261476479
0.9791,-3.88379631561765
0.9792,-3.88171237850186
0.9793,-3.87963079980614
0.9794,-3.87755157592613
0.9795,-3.87547470326435
0.9796,-3.8734001782302
0.9797,-3.87132799723999
0.9798,-3.86925815671682
0.9799,-3.86719065309068
0.98,-3.86512548279835
0.9801,-3.86306264228343
0.9802,-3.86100212799629
0.9803,-3.8589439363941
0.9804,-3.85688806394078
0.9805,-3.85483450710698
0.9806,-3.85278326237009
0.9807,-3.85073432621421
0.9808,-3.84868769513014
0.9809,-3.84664336561534
0.981,-3.84460133417397
0.9811,-3.84256159731682
0.9812,-3.84052415156132
0.9813,-3.83848899343152
0.9814,-3.83645611945807
0.9815,-3.83442552617823
0.9816,-3.8323972101358
0.9817,-3.83037116788119
0.9818,-3.82834739597131
0.9819,-3.82632589096962
0.982,-3.82430664944611
0.9821,-3.82228966797723
0.9822,-3.82027494314596
0.9823,-3.81826247154172
0.9824,-3.81625224976042
0.9825,-3.81424427440437
0.9826,-3.81223854208233
0.9827,-3.81023504940949
0.9828,-3.8082337930074
0.9829,-3.80623476950403
0.983,-3.80423797553369
0.9831,-3.80224340773706
0.9832,-3.80025106276116
0.9833,-3.79826093725935
0.9834,-3.79627302789126
0.9835,-3.79428733132285
0.9836,-3.79230384422637
0.9837,-3.79032256328032
0.9838,-3.78834348516945
0.9839,-3.78636660658478
0.984,-3.78439192422352
0.9841,-3.78241943478912
0.9842,-3.78044913499122
0.9843,-3.77848102154564
0.9844,-3.77651509117438
0.9845,-3.77455134060559
0.9846,-3.77258976657356
0.9847,-3.77063036581871
0.9848,-3.76867313508759
0.9849,-3.76671807113283
0.985,-3.76476517071316
0.9851,-3.76281443059338
0.9852,-3.76086584754436
0.9853,-3.75891941834301
0.9854,-3.75697513977226
0.9855,-3.75503300862108
0.9856,-3.75309302168444
0.9857,-3.75115517576329
0.9858,-3.74921946766458
0.9859,-3.74728589420122
0.986,-3.74535445219206
0.9861,-3.7434251384619
0.9862,-3.74149794984147
0.9863,-3.73957288316739
0.9864,-3.73764993528221
0.9865,-3.73572910303435
0.9866,-3.7338103832781
0.9867,-3.73189377287362
0.9868,-3.7299792686869
0.9869,-3.7280668675898
0.987,-3.72615656645995
0.9871,-3.72424836218082
0.9872,-3.72234225164169
0.9873,-3.72043823173757
0.9874,-3.71853629936929
0.9875,-3.71663645144341
0.9876,-3.71473868487223
0.9877,-3.71284299657381
0.9878,-3.71094938347189
0.9879,-3.70905784249594
0.988,-3.70716837058112
0.9881,-3.70528096466826
0.9882,-3.70339562170386
0.9883,-3.70151233864007
0.9884,-3.69963111243471
0.9885,-3.69775194005119
0.9886,-3.69587481845856
0.9887,-3.69399974463147
0.9888,-3.69212671555017
0.9889,-3.69025572820047
0.989,-3.68838677957376
0.9891,-3.686519866667
0.9892,-3.68465498648265
0.9893,-3.68279213602876
0.9894,-3.68093131231883
0.9895,-3.67907251237193
0.9896,-3.67721573321259
0.9897,-3.67536097187082
0.9898,-3.67350822538211
0.9899,-3.67165749078741
0.99,-3.66980876513311
0.9901,-3.66796204547103
0.9902,-3.66611732885842
0.9903,-3.66427461235792
0.9904,-3.66243389303761
0.9905,-3.66059516797091
0.9906,-3.65875843423663
0.9907,-3.65692368891896
0.9908,-3.65509092910742
0.9909,-3.65326015189687
0.991,-3.6514313543875
0.9911,-3.64960453368483
0.9912,-3.64777968689965
0.9913,-3.64595681114807
0.9914,-3.64413590355148
0.9915,-3.64231696123652
0.9916,-3.6404999813351
0.9917,-3.63868496098437
0.9918,-3.63687189732673
0.9919,-3.63506078750977
0.992,-3.63325162868633
0.9921,-3.63144441801442
0.9922,-3.62963915265726
0.9923,-3.62783582978322
0.9924,-3.62603444656586
0.9925,-3.62423500018389
0.9926,-3.62243748782116
0.9927,-3.62064190666665
0.9928,-3.61884825391446
0.9929,-3.6170565267638
0.993,-3.61526672241899
0.9931,-3.61347883808941
0.9932,-3.61169287098955
0.9933,-3.60990881833895
0.9934,-3.6081266773622
0.9935,-3.60634644528893
0.9936,-3.60456811935381
0.9937,-3.60279169679655
0.9938,-3.60101717486182
0.9939,-3.59924455079933
0.994,-3.59747382186379
0.9941,-3.59570498531483
0.9942,-3.59393803841711
0.9943,-3.59217297844021
0.9944,-3.59040980265866
0.9945,-3.58864850835194
0.9946,-3.58688909280443
0.9947,-3.58513155330544
0.9948,-3.58337588714918
0.9949,-3.58162209163476
0.995,-3.57987016406615
0.9951,-3.5781201017522
0.9952,-3.57637190200664
0.9953,-3.57462556214802
0.9954,-3.57288107949975
0.9955,-3.57113845139004
0.9956,-3.56939767515198
0.9957,-3.56765874812339
0.9958,-3.56592166764694
0.9959,-3.56418643107008
0.996,-3.56245303574502
0.9961,-3.56072147902874
0.9962,-3.558991758283
0.9963,-3.55726387087428
0.9964,-3.5555378141738
0.9965,-3.55381358555752
0.9966,-3.5520911824061
0.9967,-3.55037060210491
0.9968,-3.54865184204402
0.9969,-3.54693489961818
0.997,-3.54521977222682
0.9971,-3.54350645727403
0.9972,-3.54179495216856
0.9973,-3.5400852543238
0.9974,-3.53837736115777
0.9975,-3.53667127009313
0.9976,-3.53496697855715
0.9977,-3.5332644839817
0.9978,-3.53156378380325
0.9979,-3.52986487546285
0.998,-3.52816775640613
0.9981,-3.52647242408329
0.9982,-3.52477887594908
0.9983,-3.5230871094628
0.9984,-3.52139712208828
0.9985,-3.51970891129389
0.9986,-3.51802247455251
0.9987,-3.51633780934152
0.9988,-3.51465491314281
0.9989,-3.51297378344276
0.999,-3.51129441773221
0.9991,-3.5096168135065
0.9992,-3.5079409682654
0.9993,-3.50626687951314
0.9994,-3.50459454475841
0.9995,-3.5029239615143
0.9996,-3.50125512729834
0.9997,-3.49958803963247
0.9998,-3.49792269604304
0.9999,-3.49625909406079
1,-3.49459723122082
1.0001,-3.49293710506265
1.0002,-3.49127871313013
1.0003,-3.48962205297148
1.0004,-3.48796712213928
1.0005,-3.48631391819041
1.0006,-3.48466243868612
1.0007,-3.48301268119196
1.0008,-3.4813646432778
1.0009,-3.4797183225178
1.001,-3.47807371649041
1.0011,-3.47643082277839
1.0012,-3.47478963896873
1.0013,-3.47315016265273
1.0014,-3.47151239142592
1.0015,-3.46987632288809
1.0016,-3.46824195464325
1.0017,-3.46660928429967
1.0018,-3.4649783094698
1.0019,-3.46334902777033
1.002,-3.46172143682215
1.0021,-3.46009553425034
1.0022,-3.45847131768415
1.0023,-3.45684878475704
1.0024,-3.4552279331066
1.0025,-3.45360876037461
1.0026,-3.45199126420697
1.0027,-3.45037544225374
1.0028,-3.44876129216911
1.0029,-3.44714881161139
1.003,-3.44553799824301
1.0031,-3.4439288497305
1.0032,-3.44232136374449
1.0033,-3.4407155379597
1.0034,-3.43911137005492
1.0035,-3.43750885771304
1.0036,-3.43590799862097
1.0037,-3.43430879046972
1.0038,-3.43271123095431
1.0039,-3.43111531777381
1.004,-3.42952104863134
1.0041,-3.42792842123401
1.0042,-3.42633743329296
1.0043,-3.42474808252332
1.0044,-3.42316036664423
1.0045,-3.42157428337882
1.0046,-3.41998983045418
1.0047,-3.41840700560139
1.0048,-3.41682580655548
1.0049,-3.41524623105543
1.005,-3.41366827684418
1.0051,-3.41209194166861
1.0052,-3.4105172232795
1.0053,-3.40894411943159
1.0054,-3.40737262788351
1.0055,-3.40580274639779
1.0056,-3.40423447274087
1.0057,-3.40266780468309
1.0058,-3.40110273999863
1.0059,-3.39953927646559
1.006,-3.39797741186589
1.0061,-3.39641714398534
1.0062,-3.39485847061359
1.0063,-3.39330138954411
1.0064,-3.39174589857424
1.0065,-3.3901919955051
1.0066,-3.38863967814167
1.0067,-3.38708894429271
1.0068,-3.38553979177078
1.0069,-3.38399221839226
1.007,-3.38244622197727
1.0071,-3.38090180034975
1.0072,-3.37935895133739
1.0073,-3.37781767277164
1.0074,-3.3762779624877
1.0075,-3.37473981832454
1.0076,-3.37320323812484
1.0077,-3.37166821973501
1.0078,-3.37013476100521
1.0079,-3.3686028597893
1.008,-3.36707251394483
1.0081,-3.36554372133307
1.0082,-3.36401647981898
1.0083,-3.3624907872712
1.0084,-3.36096664156205
1.0085,-3.35944404056751
1.0086,-3.35792298216724
1.0087,-3.35640346424453
1.0088,-3.35488548468633
1.0089,-3.35336904138324
1.009,-3.35185413222947
1.0091,-3.35034075512286
1.0092,-3.34882890796487
1.0093,-3.34731858866058
1.0094,-3.34580979511864
1.0095,-3.34430252525134
1.0096,-3.34279677697452
1.0097,-3.3412925482076
1.0098,-3.33978983687359
1.0099,-3.33828864089907
1.01,-3.33678895821416
1.0101,-3.33529078675252
1.0102,-3.33379412445139
1.0103,-3.33229896925151
1.0104,-3.33080531909717
1.0105,-3.32931317193617
1.0106,-3.32782252571983
1.0107,-3.32633337840297
1.0108,-3.32484572794393
1.0109,-3.32335957230451
1.011,-3.32187490945001
1.0111,-3.32039173734922
1.0112,-3.3189100539744
1.0113,-3.31742985730124
1.0114,-3.31595114530893
1.0115,-3.3144739159801
1.0116,-3.3129981673008
1.0117,-3.31152389726053
1.0118,-3.31005110385222
1.0119,-3.30857978507223
1.012,-3.30710993892032
1.0121,-3.30564156339967
1.0122,-3.30417465651685
1.0123,-3.30270921628183
1.0124,-3.30124524070796
1.0125,-3.29978272781199
1.0126,-3.29832167561401
1.0127,-3.29686208213751
1.0128,-3.29540394540933
1.0129,-3.29394726345966
1.013,-3.29249203432201
1.0131,-3.29103825603328
1.0132,-3.28958592663366
1.0133,-3.2881350441667
1.0134,-3.28668560667923
1.0135,-3.28523761222143
1.0136,-3.28379105884675
1.0137,-3.28234594461197
1.0138,-3.28090226757715
1.0139,-3.27946002580564
1.014,-3.27801921736405
1.0141,-3.27657984032228
1.0142,-3.2751418927535
1.0143,-3.27370537273411
1.0144,-3.27227027834381
1.0145,-3.2708366076655
1.0146,-3.26940435878534
1.0147,-3.26797352979273
1.0148,-3.26654411878027
1.0149,-3.26511612384381
1.015,-3.26368954308239
1.0151,-3.26226437459827
1.0152,-3.26084061649691
1.0153,-3.25941826688696
1.0154,-3.25799732388025
1.0155,-3.25657778559179
1.0156,-3.2551596501398
1.0157,-3.25374291564562
1.0158,-3.25232758023378
1.0159,-3.25091364203195
1.016,-3.24950109917097
1.0161,-3.24808994978479
1.0162,-3.24668019201054
1.0163,-3.24527182398844
1.0164,-3.24386484386185
1.0165,-3.24245924977726
1.0166,-3.24105503988425
1.0167,-3.23965221233551
1.0168,-3.23825076528684
1.0169,-3.23685069689712
1.017,-3.23545200532833
1.0171,-3.23405468874551
1.0172,-3.23265874531679
1.0173,-3.23126417321337
1.0174,-3.2298709706095
1.0175,-3.2284791356825
1.0176,-3.22708866661272
1.0177,-3.22569956158357
1.0178,-3.22431181878149
1.0179,-3.22292543639595
1.018,-3.22154041261946
1.0181,-3.22015674564752
1.0182,-3.21877443367867
1.0183,-3.21739347491446
1.0184,-3.21601386755941
1.0185,-3.21463560982106
1.0186,-3.21325869990994
1.0187,-3.21188313603955
1.0188,-3.21050891642637
1.0189,-3.20913603928987
1.019,-3.20776450285246
1.0191,-3.20639430533952
1.0192,-3.20502544497938
1.0193,-3.20365792000334
1.0194,-3.20229172864561
1.0195,-3.20092686914336
1.0196,-3.19956333973667
1.0197,-3.19820113866856
1.0198,-3.19684026418496
1.0199,-3.19548071453472
1.02,-3.1941224879696
1.0201,-3.19276558274424
1.0202,-3.1914099971162
1.0203,-3.19005572934592
1.0204,-3.18870277769672
1.0205,-3.18735114043481
1.0206,-3.18600081582927
1.0207,-3.18465180215202
1.0208,-3.18330409767789
1.0209,-3.18195770068452
1.021,-3.18061260945244
1.0211,-3.17926882226498
1.0212,-3.17792633740835
1.0213,-3.17658515317158
1.0214,-3.17524526784651
1.0215,-3.17390667972782
1.0216,-3.17256938711301
1.0217,-3.17123338830237
1.0218,-3.16989868159902
1.0219,-3.16856526530886
1.022,-3.1672331377406
1.0221,-3.16590229720572
1.0222,-3.16457274201852
1.0223,-3.16324447049602
1.0224,-3.16191748095807
1.0225,-3.16059177172725
1.0226,-3.15926734112892
1.0227,-3.15794418749117
1.0228,-3.15662230914489
1.0229,-3.15530170442367
1.023,-3.15398237166385
1.0231,-3.15266430920452
1.0232,-3.15134751538748
1.0233,-3.15003198855727
1.0234,-3.14871772706113
1.0235,-3.14740472924904
1.0236,-3.14609299347366
1.0237,-3.14478251809036
1.0238,-3.14347330145722
1.0239,-3.142165341935
1.024,-3.14085863788715
1.0241,-3.13955318767981
1.0242,-3.13824898968177
1.0243,-3.13694604226451
1.0244,-3.13564434380219
1.0245,-3.1343438926716
1.0246,-3.1330446872522
1.0247,-3.1317467259261
1.0248,-3.13045000707805
1.0249,-3.12915452909546
1.025,-3.12786029036834
1.0251,-3.12656728928936
1.0252,-3.1252755242538
1.0253,-3.12398499365955
1.0254,-3.12269569590713
1.0255,-3.12140762939968
1.0256,-3.1201207925429
1.0257,-3.11883518374514
1.0258,-3.11755080141732
1.0259,-3.11626764397293
1.026,-3.11498570982808
1.0261,-3.11370499740144
1.0262,-3.11242550511425
1.0263,-3.11114723139033
1.0264,-3.10987017465605
1.0265,-3.10859433334036
1.0266,-3.10731970587473
1.0267,-3.10604629069321
1.0268,-3.10477408623238
1.0269,-3.10350309093137
1.027,-3.10223330323183
1.0271,-3.10096472157794
1.0272,-3.09969734441641
1.0273,-3.09843117019648
1.0274,-3.09716619736988
1.0275,-3.09590242439086
1.0276,-3.09463984971619
1.0277,-3.09337847180511
1.0278,-3.09211828911939
1.0279,-3.09085930012325
1.028,-3.08960150328343
1.0281,-3.08834489706914
1.0282,-3.08708947995206
1.0283,-3.08583525040634
1.0284,-3.0845822069086
1.0285,-3.08333034793793
1.0286,-3.08207967197587
1.0287,-3.0808301775064
1.0288,-3.07958186301596
1.0289,-3.07833472699343
1.029,-3.07708876793014
1.0291,-3.07584398431983
1.0292,-3.07460037465869
1.0293,-3.07335793744531
1.0294,-3.07211667118072
1.0295,-3.07087657436835
1.0296,-3.06963764551406
1.0297,-3.0683998831261
1.0298,-3.06716328571511
1.0299,-3.06592785179415
1.03,-3.06469357987867
1.0301,-3.06346046848647
1.0302,-3.06222851613778
1.0303,-3.06099772135519
1.0304,-3.05976808266364
1.0305,-3.05853959859047
1.0306,-3.05731226766537
1.0307,-3.0560860884204
1.0308,-3.05486105938996
1.0309,-3.05363717911081
1.031,-3.05241444612205
1.0311,-3.05119285896512
1.0312,-3.04997241618381
1.0313,-3.04875311632423
1.0314,-3.04753495793483
1.0315,-3.04631793956636
1.0316,-3.04510205977193
1.0317,-3.04388731710691
1.0318,-3.04267371012903
1.0319,-3.0414612373983
1.032,-3.04024989747704
1.0321,-3.03903968892985
1.0322,-3.03783061032366
1.0323,-3.03662266022766
1.0324,-3.03541583721332
1.0325,-3.0342101398544
1.0326,-3.03300556672694
1.0327,-3.03180211640924
1.0328,-3.03059978748189
1.0329,-3.0293985785277
1.033,-3.02819848813178
1.0331,-3.02699951488146
1.0332,-3.02580165736636
1.0333,-3.0246049141783
1.0334,-3.02340928391137
1.0335,-3.0222147651619
1.0336,-3.02102135652842
1.0337,-3.01982905661171
1.0338,-3.0186378640148
1.0339,-3.01744777734289
1.034,-3.01625879520342
1.0341,-3.01507091620605
1.0342,-3.01388413896263
1.0343,-3.01269846208723
1.0344,-3.0115138841961
1.0345,-3.01033040390769
1.0346,-3.00914801984265
1.0347,-3.00796673062382
1.0348,-3.0067865348762
1.0349,-3.00560743122699
1.035,-3.00442941830554
1.0351,-3.0032524947434
1.0352,-3.00207665917427
1.0353,-3.00090191023401
1.0354,-2.99972824656063
1.0355,-2.99855566679432
1.0356,-2.9973841695774
1.0357,-2.99621375355433
1.0358,-2.99504441737172
1.0359,-2.99387615967833
1.036,-2.99270897912503
1.0361,-2.99154287436483
1.0362,-2.99037784405287
1.0363,-2.98921388684641
1.0364,-2.98805100140482
1.0365,-2.98688918638958
1.0366,-2.9857284404643
1.0367,-2.98456876229467
1.0368,-2.9834101505485
1.0369,-2.9822526038957
1.037,-2.98109612100825
1.0371,-2.97994070056025
1.0372,-2.97878634122785
1.0373,-2.97763304168931
1.0374,-2.97648080062497
1.0375,-2.97532961671722
1.0376,-2.97417948865055
1.0377,-2.97303041511149
1.0378,-2.97188239478864
1.0379,-2.97073542637266
1.038,-2.96958950855628
1.0381,-2.96844464003426
1.0382,-2.9673008195034
1.0383,-2.96615804566257
1.0384,-2.96501631721267
1.0385,-2.96387563285663
1.0386,-2.9627359912994
1.0387,-2.96159739124799
1.0388,-2.96045983141141
1.0389,-2.95932331050069
1.039,-2.95818782722888
1.0391,-2.95705338031105
1.0392,-2.95591996846428
1.0393,-2.95478759040765
1.0394,-2.95365624486223
1.0395,-2.95252593055111
1.0396,-2.95139664619936
1.0397,-2.95026839053404
1.0398,-2.94914116228421
1.0399,-2.9480149601809
1.04,-2.94688978295712
1.0401,-2.94576562934787
1.0402,-2.94464249809009
1.0403,-2.94352038792273
1.0404,-2.94239929758666
1.0405,-2.94127922582476
1.0406,-2.94016017138183
1.0407,-2.93904213300465
1.0408,-2.93792510944191
1.0409,-2.9368090994443
1.041,-2.93569410176441
1.0411,-2.93458011515678
1.0412,-2.93346713837791
1.0413,-2.9323551701862
1.0414,-2.931244209342
1.0415,-2.93013425460756
1.0416,-2.92902530474708
1.0417,-2.92791735852667
1.0418,-2.92681041471435
1.0419,-2.92570447208004
1.042,-2.92459952939559
1.0421,-2.92349558543473
1.0422,-2.92239263897311
1.0423,-2.92129068878828
1.0424,-2.92018973365964
1.0425,-2.91908977236855
1.0426,-2.91799080369819
1.0427,-2.91689282643367
1.0428,-2.91579583936194
1.0429,-2.91469984127187
1.043,-2.91360483095416
1.0431,-2.91251080720141
1.0432,-2.91141776880806
1.0433,-2.91032571457043
1.0434,-2.9092346432867
1.0435,-2.9081445537569
1.0436,-2.9070554447829
1.0437,-2.90596731516843
1.0438,-2.90488016371907
1.0439,-2.90379398924223
1.044,-2.90270879054717
1.0441,-2.90162456644497
1.0442,-2.90054131574857
1.0443,-2.89945903727269
1.0444,-2.89837772983393
1.0445,-2.89729739225066
1.0446,-2.89621802334311
1.0447,-2.8951396219333
1.0448,-2.89406218684507
1.0449,-2.89298571690407
1.045,-2.89191021093775
1.0451,-2.89083566777535
1.0452,-2.88976208624795
1.0453,-2.88868946518837
1.0454,-2.88761780343125
1.0455,-2.88654709981304
1.0456,-2.88547735317192
1.0457,-2.8844085623479
1.0458,-2.88334072618276
1.0459,-2.88227384352003
1.046,-2.88120791320504
1.0461,-2.88014293408487
1.0462,-2.87907890500837
1.0463,-2.87801582482617
1.0464,-2.87695369239064
1.0465,-2.87589250655592
1.0466,-2.87483226617787
1.0467,-2.87377297011414
1.0468,-2.87271461722411
1.0469,-2.8716572063689
1.047,-2.87060073641137
1.0471,-2.86954520621613
1.0472,-2.86849061464951
1.0473,-2.86743696057957
1.0474,-2.8663842428761
1.0475,-2.86533246041063
1.0476,-2.86428161205638
1.0477,-2.86323169668832
1.0478,-2.86218271318312
1.0479,-2.86113466041914
1.048,-2.8600875372765
1.0481,-2.85904134263699
1.0482,-2.85799607538409
1.0483,-2.85695173440302
1.0484,-2.85590831858067
1.0485,-2.85486582680562
1.0486,-2.85382425796816
1.0487,-2.85278361096024
1.0488,-2.85174388467553
1.0489,-2.85070507800935
1.049,-2.8496671898587
1.0491,-2.84863021912228
1.0492,-2.84759416470043
1.0493,-2.84655902549519
1.0494,-2.84552480041025
1.0495,-2.84449148835095
1.0496,-2.84345908822432
1.0497,-2.84242759893901
1.0498,-2.84139701940537
1.0499,-2.84036734853535
1.05,-2.83933858524259
1.0501,-2.83831072844236
1.0502,-2.83728377705156
1.0503,-2.83625772998874
1.0504,-2.8352325861741
1.0505,-2.83420834452944
1.0506,-2.83318500397822
1.0507,-2.83216256344551
1.0508,-2.83114102185802
1.0509,-2.83012037814407
1.051,-2.8291006312336
1.0511,-2.82808178005816
1.0512,-2.82706382355092
1.0513,-2.82604676064667
1.0514,-2.8250305902818
1.0515,-2.82401531139428
1.0516,-2.82300092292371
1.0517,-2.82198742381129
1.0518,-2.82097481299979
1.0519,-2.8199630894336
1.052,-2.81895225205868
1.0521,-2.8179422998226
1.0522,-2.81693323167448
1.0523,-2.81592504656504
1.0524,-2.81491774344659
1.0525,-2.81391132127301
1.0526,-2.81290577899973
1.0527,-2.81190111558376
1.0528,-2.81089732998372
1.0529,-2.80989442115972
1.053,-2.80889238807349
1.0531,-2.8078912296883
1.0532,-2.80689094496896
1.0533,-2.80589153288187
1.0534,-2.80489299239494
1.0535,-2.80389532247765
1.0536,-2.80289852210102
1.0537,-2.80190259023762
1.0538,-2.80090752586155
1.0539,-2.79991332794844
1.054,-2.79891999547548
1.0541,-2.79792752742136
1.0542,-2.79693592276632
1.0543,-2.79594518049212
1.0544,-2.79495529958204
1.0545,-2.79396627902088
1.0546,-2.79297811779496
1.0547,-2.79199081489212
1.0548,-2.7910043693017
1.0549,-2.79001878001457
1.055,-2.78903404602307
1.0551,-2.78805016632109
1.0552,-2.78706713990399
1.0553,-2.78608496576863
1.0554,-2.7851036429134
1.0555,-2.78412317033813
1.0556,-2.78314354704419
1.0557,-2.7821647720344
1.0558,-2.7811868443131
1.0559,-2.78020976288608
1.056,-2.77923352676064
1.0561,-2.77825813494554
1.0562,-2.77728358645102
1.0563,-2.77630988028879
1.0564,-2.77533701547203
1.0565,-2.77436499101539
1.0566,-2.77339380593499
1.0567,-2.7724234592484
1.0568,-2.77145394997467
1.0569,-2.77048527713427
1.057,-2.76951743974917
1.0571,-2.76855043684276
1.0572,-2.76758426743988
1.0573,-2.76661893056685
1.0574,-2.76565442525139
1.0575,-2.76469075052268
1.0576,-2.76372790541135
1.0577,-2.76276588894946
1.0578,-2.76180470017049
1.0579,-2.76084433810938
1.058,-2.75988480180247
1.0581,-2.75892609028754
1.0582,-2.75796820260379
1.0583,-2.75701113779186
1.0584,-2.75605489489377
1.0585,-2.755099472953
1.0586,-2.75414487101442
1.0587,-2.75319108812431
1.0588,-2.75223812333037
1.0589,-2.75128597568171
1.059,-2.75033464422881
1.0591,-2.7493841280236
1.0592,-2.74843442611938
1.0593,-2.74748553757086
1.0594,-2.74653746143413
1.0595,-2.74559019676667
1.0596,-2.74464374262739
1.0597,-2.74369809807652
1.0598,-2.74275326217574
1.0599,-2.74180923398807
1.06,-2.74086601257793
1.0601,-2.7399235970111
1.0602,-2.73898198635476
1.0603,-2.73804117967744
1.0604,-2.73710117604904
1.0605,-2.73616197454086
1.0606,-2.73522357422552
1.0607,-2.73428597417703
1.0608,-2.73334917347075
1.0609,-2.73241317118342
1.061,-2.73147796639312
1.0611,-2.73054355817926
1.0612,-2.72960994562264
1.0613,-2.72867712780539
1.0614,-2.727745103811
1.0615,-2.72681387272428
1.0616,-2.7258834336314
1.0617,-2.72495378561986
1.0618,-2.72402492777852
1.0619,-2.72309685919754
1.062,-2.72216957896844
1.0621,-2.72124308618405
1.0622,-2.72031737993855
1.0623,-2.71939245932742
1.0624,-2.71846832344749
1.0625,-2.71754497139689
1.0626,-2.71662240227508
1.0627,-2.71570061518283
1.0628,-2.71477960922223
1.0629,-2.71385938349669
1.063,-2.71293993711089
1.0631,-2.71202126917087
1.0632,-2.71110337878395
1.0633,-2.71018626505874
1.0634,-2.70926992710518
1.0635,-2.70835436403448
1.0636,-2.70743957495917
1.0637,-2.70652555899306
1.0638,-2.70561231525125
1.0639,-2.70469984285013
1.064,-2.70378814090739
1.0641,-2.702877208542
1.0642,-2.7019670448742
1.0643,-2.70105764902552
1.0644,-2.70014902011877
1.0645,-2.69924115727803
1.0646,-2.69833405962866
1.0647,-2.69742772629728
1.0648,-2.69652215641181
1.0649,-2.6956173491014
1.065,-2.69471330349648
1.0651,-2.69381001872876
1.0652,-2.69290749393117
1.0653,-2.69200572823795
1.0654,-2.69110472078456
1.0655,-2.69020447070771
1.0656,-2.68930497714539
1.0657,-2.68840623923683
1.0658,-2.6875082561225
1.0659,-2.68661102694412
1.066,-2.68571455084466
1.0661,-2.68481882696831
1.0662,-2.68392385446053
1.0663,-2.68302963246799
1.0664,-2.68213616013862
1.0665,-2.68124343662155
1.0666,-2.68035146106718
1.0667,-2.67946023262712
1.0668,-2.67856975045419
1.0669,-2.67768001370246
1.067,-2.67679102152722
1.0671,-2.67590277308496
1.0672,-2.67501526753341
1.0673,-2.6741285040315
1.0674,-2.6732424817394
1.0675,-2.67235719981846
1.0676,-2.67147265743125
1.0677,-2.67058885374157
1.0678,-2.66970578791439
1.0679,-2.66882345911591
1.068,-2.66794186651353
1.0681,-2.66706100927584
1.0682,-2.66618088657261
1.0683,-2.66530149757486
1.0684,-2.66442284145475
1.0685,-2.66354491738566
1.0686,-2.66266772454214
1.0687,-2.66179126209996
1.0688,-2.66091552923603
1.0689,-2.66004052512849
1.069,-2.65916624895662
1.0691,-2.65829269990091
1.0692,-2.65741987714301
1.0693,-2.65654777986577
1.0694,-2.65567640725317
1.0695,-2.6548057584904
1.0696,-2.65393583276381
1.0697,-2.6530666292609
1.0698,-2.65219814717036
1.0699,-2.65133038568204
1.07,-2.65046334398692
1.0701,-2.64959702127719
1.0702,-2.64873141674616
1.0703,-2.64786652958831
1.0704,-2.64700235899927
1.0705,-2.64613890417582
1.0706,-2.6452761643159
1.0707,-2.64441413861858
1.0708,-2.6435528262841
1.0709,-2.64269222651383
1.071,-2.64183233851027
1.0711,-2.64097316147708
1.0712,-2.64011469461905
1.0713,-2.63925693714212
1.0714,-2.63839988825333
1.0715,-2.6375435471609
1.0716,-2.63668791307414
1.0717,-2.6358329852035
1.0718,-2.63497876276057
1.0719,-2.63412524495805
1.072,-2.63327243100978
1.0721,-2.63242032013069
1.0722,-2.63156891153687
1.0723,-2.63071820444549
1.0724,-2.62986819807486
1.0725,-2.6290188916444
1.0726,-2.62817028437462
1.0727,-2.62732237548718
1.0728,-2.62647516420481
1.0729,-2.62562864975136
1.073,-2.6247828313518
1.0731,-2.62393770823217
1.0732,-2.62309327961964
1.0733,-2.62224954474247
1.0734,-2.62140650283
1.0735,-2.62056415311269
1.0736,-2.61972249482209
1.0737,-2.61888152719081
1.0738,-2.61804124945259
1.0739,-2.61720166084224
1.074,-2.61636276059566
1.0741,-2.61552454794983
1.0742,-2.61468702214281
1.0743,-2.61385018241374
1.0744,-2.61301402800285
1.0745,-2.61217855815145
1.0746,-2.61134377210189
1.0747,-2.61050966909763
1.0748,-2.6096762483832
1.0749,-2.60884350920417
1.075,-2.60801145080722
1.0751,-2.60718007244005
1.0752,-2.60634937335147
1.0753,-2.60551935279131
1.0754,-2.60469001001049
1.0755,-2.60386134426099
1.0756,-2.60303335479583
1.0757,-2.60220604086909
1.0758,-2.60137940173591
1.0759,-2.60055343665248
1.076,-2.59972814487604
1.0761,-2.59890352566488
1.0762,-2.59807957827833
1.0763,-2.59725630197678
1.0764,-2.59643369602164
1.0765,-2.59561175967538
1.0766,-2.59479049220152
1.0767,-2.59396989286458
1.0768,-2.59314996093015
1.0769,-2.59233069566485
1.077,-2.59151209633632
1.0771,-2.59069416221324
1.0772,-2.58987689256532
1.0773,-2.5890602866633
1.0774,-2.58824434377893
1.0775,-2.58742906318502
1.0776,-2.58661444415536
1.0777,-2.58580048596479
1.0778,-2.58498718788915
1.0779,-2.58417454920532
1.078,-2.58336256919118
1.0781,-2.58255124712563
1.0782,-2.58174058228859
1.0783,-2.58093057396097
1.0784,-2.5801212214247
1.0785,-2.57931252396274
1.0786,-2.57850448085901
1.0787,-2.57769709139848
1.0788,-2.5768903548671
1.0789,-2.57608427055181
1.079,-2.57527883774058
1.0791,-2.57447405572235
1.0792,-2.57366992378708
1.0793,-2.57286644122571
1.0794,-2.57206360733016
1.0795,-2.57126142139338
1.0796,-2.57045988270927
1.0797,-2.56965899057274
1.0798,-2.56885874427968
1.0799,-2.56805914312697
1.08,-2.56726018641246
1.0801,-2.56646187343499
1.0802,-2.5656642034944
1.0803,-2.56486717589146
1.0804,-2.56407078992796
1.0805,-2.56327504490666
1.0806,-2.56247994013127
1.0807,-2.56168547490649
1.0808,-2.560891648538
1.0809,-2.56009846033241
1.081,-2.55930590959734
1.0811,-2.55851399564135
1.0812,-2.55772271777398
1.0813,-2.55693207530573
1.0814,-2.55614206754804
1.0815,-2.55535269381334
1.0816,-2.55456395341499
1.0817,-2.55377584566733
1.0818,-2.55298836988564
1.0819,-2.55220152538616
1.082,-2.55141531148607
1.0821,-2.55062972750352
1.0822,-2.54984477275759
1.0823,-2.54906044656832
1.0824,-2.54827674825668
1.0825,-2.5474936771446
1.0826,-2.54671123255495
1.0827,-2.54592941381152
1.0828,-2.54514822023908
1.0829,-2.5443676511633
1.083,-2.54358770591079
1.0831,-2.54280838380913
1.0832,-2.54202968418678
1.0833,-2.54125160637318
1.0834,-2.54047414969868
1.0835,-2.53969731349454
1.0836,-2.53892109709298
1.0837,-2.53814549982713
1.0838,-2.53737052103104
1.0839,-2.53659616003969
1.084,-2.53582241618898
1.0841,-2.53504928881572
1.0842,-2.53427677725767
1.0843,-2.53350488085347
1.0844,-2.53273359894268
1.0845,-2.53196293086579
1.0846,-2.53119287596421
1.0847,-2.53042343358022
1.0848,-2.52965460305705
1.0849,-2.52888638373882
1.085,-2.52811877497056
1.0851,-2.52735177609821
1.0852,-2.52658538646859
1.0853,-2.52581960542946
1.0854,-2.52505443232946
1.0855,-2.52428986651812
1.0856,-2.52352590734587
1.0857,-2.52276255416407
1.0858,-2.52199980632492
1.0859,-2.52123766318156
1.086,-2.520476124088
1.0861,-2.51971518839915
1.0862,-2.51895485547078
1.0863,-2.5181951246596
1.0864,-2.51743599532317
1.0865,-2.51667746681993
1.0866,-2.51591953850923
1.0867,-2.51516220975127
1.0868,-2.51440547990717
1.0869,-2.5136493483389
1.087,-2.5128938144093
1.0871,-2.51213887748212
1.0872,-2.51138453692197
1.0873,-2.51063079209431
1.0874,-2.50987764236551
1.0875,-2.50912508710278
1.0876,-2.50837312567422
1.0877,-2.50762175744878
1.0878,-2.50687098179631
1.0879,-2.50612079808748
1.088,-2.50537120569386
1.0881,-2.50462220398786
1.0882,-2.50387379234276
1.0883,-2.50312597013271
1.0884,-2.50237873673269
1.0885,-2.50163209151857
1.0886,-2.50088603386706
1.0887,-2.50014056315571
1.0888,-2.49939567876295
1.0889,-2.49865138006805
1.089,-2.49790766645112
1.0891,-2.49716453729314
1.0892,-2.49642199197592
1.0893,-2.49568002988212
1.0894,-2.49493865039525
1.0895,-2.49419785289966
1.0896,-2.49345763678053
1.0897,-2.49271800142392
1.0898,-2.49197894621668
1.0899,-2.49124047054652
1.09,-2.49050257380201
1.0901,-2.48976525537251
1.0902,-2.48902851464825
1.0903,-2.48829235102027
1.0904,-2.48755676388047
1.0905,-2.48682175262154
1.0906,-2.48608731663703
1.0907,-2.48535345532132
1.0908,-2.48462016806958
1.0909,-2.48388745427786
1.091,-2.48315531334298
1.0911,-2.48242374466262
1.0912,-2.48169274763525
1.0913,-2.4809623216602
1.0914,-2.48023246613758
1.0915,-2.47950318046833
1.0916,-2.47877446405422
1.0917,-2.47804631629782
1.0918,-2.47731873660251
1.0919,-2.4765917243725
1.092,-2.47586527901279
1.0921,-2.47513939992921
1.0922,-2.47441408652837
1.0923,-2.47368933821772
1.0924,-2.4729651544055
1.0925,-2.47224153450075
1.0926,-2.47151847791332
1.0927,-2.47079598405385
1.0928,-2.47007405233381
1.0929,-2.46935268216544
1.093,-2.46863187296178
1.0931,-2.46791162413669
1.0932,-2.46719193510481
1.0933,-2.46647280528157
1.0934,-2.46575423408319
1.0935,-2.46503622092671
1.0936,-2.46431876522994
1.0937,-2.46360186641147
1.0938,-2.46288552389069
1.0939,-2.46216973708778
1.094,-2.46145450542371
1.0941,-2.46073982832022
1.0942,-2.46002570519984
1.0943,-2.45931213548589
1.0944,-2.45859911860246
1.0945,-2.45788665397441
1.0946,-2.45717474102741
1.0947,-2.45646337918789
1.0948,-2.45575256788305
1.0949,-2.45504230654086
1.095,-2.4543325945901
1.0951,-2.45362343146026
1.0952,-2.45291481658168
1.0953,-2.45220674938539
1.0954,-2.45149922930326
1.0955,-2.45079225576787
1.0956,-2.45008582821261
1.0957,-2.44937994607159
1.0958,-2.44867460877975
1.0959,-2.44796981577272
1.096,-2.44726556648694
1.0961,-2.4465618603596
1.0962,-2.44585869682864
1.0963,-2.44515607533276
1.0964,-2.44445399531144
1.0965,-2.44375245620487
1.0966,-2.44305145745405
1.0967,-2.44235099850068
1.0968,-2.44165107878726
1.0969,-2.44095169775701
1.097,-2.4402528548539
1.0971,-2.43955454952268
1.0972,-2.43885678120881
1.0973,-2.43815954935852
1.0974,-2.43746285341878
1.0975,-2.4367666928373
1.0976,-2.43607106706254
1.0977,-2.43537597554369
1.0978,-2.4346814177307
1.0979,-2.43398739307425
1.098,-2.43329390102574
1.0981,-2.43260094103735
1.0982,-2.43190851256196
1.0983,-2.4312166150532
1.0984,-2.43052524796543
1.0985,-2.42983441075375
1.0986,-2.42914410287398
1.0987,-2.42845432378268
1.0988,-2.42776507293714
1.0989,-2.42707634979537
1.099,-2.42638815381612
1.0991,-2.42570048445885
1.0992,-2.42501334118377
1.0993,-2.42432672345179
1.0994,-2.42364063072456
1.0995,-2.42295506246443
1.0996,-2.4222700181345
1.0997,-2.42158549719857
1.0998,-2.42090149912116
1.0999,-2.42021802336751
1.1,-2.41953506940359
1.1001,-2.41885263669606
1.1002,-2.41817072471231
1.1003,-2.41748933292044
1.1004,-2.41680846078928
1.1005,-2.41612810778833
1.1006,-2.41544827338783
1.1007,-2.41476895705874
1.1008,-2.41409015827269
1.1009,-2.41341187650204
1.101,-2.41273411121986
1.1011,-2.41205686189992
1.1012,-2.41138012801669
1.1013,-2.41070390904534
1.1014,-2.41002820446175
1.1015,-2.40935301374249
1.1016,-2.40867833636483
1.1017,-2.40800417180676
1.1018,-2.40733051954694
1.1019,-2.40665737906474
1.102,-2.40598474984022
1.1021,-2.40531263135414
1.1022,-2.40464102308794
1.1023,-2.40396992452377
1.1024,-2.40329933514446
1.1025,-2.40262925443353
1.1026,-2.40195968187518
1.1027,-2.40129061695433
1.1028,-2.40062205915656
1.1029,-2.39995400796813
1.103,-2.39928646287601
1.1031,-2.39861942336783
1.1032,-2.39795288893191
1.1033,-2.39728685905726
1.1034,-2.39662133323357
1.1035,-2.39595631095119
1.1036,-2.39529179170118
1.1037,-2.39462777497524
1.1038,-2.39396426026579
1.1039,-2.39330124706589
1.104,-2.39263873486929
1.1041,-2.39197672317041
1.1042,-2.39131521146434
1.1043,-2.39065419924685
1.1044,-2.38999368601438
1.1045,-2.38933367126403
1.1046,-2.38867415449358
1.1047,-2.38801513520146
1.1048,-2.38735661288678
1.1049,-2.38669858704932
1.105,-2.38604105718952
1.1051,-2.38538402280847
1.1052,-2.38472748340795
1.1053,-2.38407143849038
1.1054,-2.38341588755884
1.1055,-2.38276083011708
1.1056,-2.38210626566952
1.1057,-2.3814521937212
1.1058,-2.38079861377785
1.1059,-2.38014552534585
1.106,-2.37949292793223
1.1061,-2.37884082104467
1.1062,-2.37818920419151
1.1063,-2.37753807688174
1.1064,-2.37688743862499
1.1065,-2.37623728893156
1.1066,-2.37558762731239
1.1067,-2.37493845327907
1.1068,-2.37428976634382
1.1069,-2.37364156601954
1.107,-2.37299385181974
1.1071,-2.3723466232586
1.1072,-2.37169987985093
1.1073,-2.37105362111219
1.1074,-2.37040784655848
1.1075,-2.36976255570652
1.1076,-2.3691177480737
1.1077,-2.36847342317805
1.1078,-2.3678295805382
1.1079,-2.36718621967346
1.108,-2.36654334010374
1.1081,-2.36590094134962
1.1082,-2.36525902293228
1.1083,-2.36461758437355
1.1084,-2.36397662519591
1.1085,-2.36333614492243
1.1086,-2.36269614307684
1.1087,-2.36205661918349
1.1088,-2.36141757276737
1.1089,-2.36077900335408
1.109,-2.36014091046985
1.1091,-2.35950329364155
1.1092,-2.35886615239667
1.1093,-2.3582294862633
1.1094,-2.35759329477018
1.1095,-2.35695757744668
1.1096,-2.35632233382275
1.1097,-2.355687563429
1.1098,-2.35505326579665
1.1099,-2.35441944045752
1.11,-2.35378608694407
1.1101,-2.35315320478937
1.1102,-2.3525207935271
1.1103,-2.35188885269156
1.1104,-2.35125738181766
1.1105,-2.35062638044093
1.1106,-2.3499958480975
1.1107,-2.34936578432414
1.1108,-2.34873618865819
1.1109,-2.34810706063762
1.111,-2.34747839980102
1.1111,-2.34685020568758
1.1112,-2.34622247783708
1.1113,-2.34559521578993
1.1114,-2.34496841908713
1.1115,-2.3443420872703
1.1116,-2.34371621988163
1.1117,-2.34309081646396
1.1118,-2.3424658765607
1.1119,-2.34184139971586
1.112,-2.34121738547407
1.1121,-2.34059383338054
1.1122,-2.3399707429811
1.1123,-2.33934811382215
1.1124,-2.3387259454507
1.1125,-2.33810423741436
1.1126,-2.33748298926134
1.1127,-2.33686220054043
1.1128,-2.33624187080102
1.1129,-2.33562199959308
1.113,-2.3350025864672
1.1131,-2.33438363097454
1.1132,-2.33376513266685
1.1133,-2.33314709109647
1.1134,-2.33252950581633
1.1135,-2.33191237637996
1.1136,-2.33129570234146
1.1137,-2.33067948325552
1.1138,-2.33006371867741
1.1139,-2.329448408163
1.114,-2.32883355126873
1.1141,-2.32821914755162
1.1142,-2.32760519656929
1.1143,-2.32699169787991
1.1144,-2.32637865104227
1.1145,-2.3257660556157
1.1146,-2.32515391116014
1.1147,-2.32454221723608
1.1148,-2.32393097340461
1.1149,-2.32332017922738
1.115,-2.32270983426663
1.1151,-2.32209993808516
1.1152,-2.32149049024635
1.1153,-2.32088149031414
1.1154,-2.32027293785308
1.1155,-2.31966483242824
1.1156,-2.3190571736053
1.1157,-2.31844996095049
1.1158,-2.31784319403062
1.1159,-2.31723687241305
1.116,-2.31663099566572
1.1161,-2.31602556335715
1.1162,-2.3154205750564
1.1163,-2.3148160303331
1.1164,-2.31421192875746
1.1165,-2.31360826990024
1.1166,-2.31300505333276
1.1167,-2.31240227862691
1.1168,-2.31179994535514
1.1169,-2.31119805309046
1.117,-2.31059660140644
1.1171,-2.30999558987718
1.1172,-2.3093950180774
1.1173,-2.30879488558232
1.1174,-2.30819519196774
1.1175,-2.30759593681001
1.1176,-2.30699711968604
1.1177,-2.3063987401733
1.1178,-2.30580079784978
1.1179,-2.30520329229408
1.118,-2.30460622308529
1.1181,-2.30400958980309
1.1182,-2.3034133920277
1.1183,-2.30281762933989
1.1184,-2.30222230132097
1.1185,-2.30162740755282
1.1186,-2.30103294761784
1.1187,-2.30043892109899
1.1188,-2.29984532757978
1.1189,-2.29925216664426
1.119,-2.29865943787702
1.1191,-2.29806714086319
1.1192,-2.29747527518847
1.1193,-2.29688384043906
1.1194,-2.29629283620174
1.1195,-2.29570226206381
1.1196,-2.2951121176131
1.1197,-2.29452240243801
1.1198,-2.29393311612745
1.1199,-2.29334425827088
1.12,-2.29275582845831
1.1201,-2.29216782628024
1.1202,-2.29158025132777
1.1203,-2.29099310319248
1.1204,-2.29040638146651
1.1205,-2.28982008574254
1.1206,-2.28923421561375
1.1207,-2.28864877067388
1.1208,-2.28806375051721
1.1209,-2.28747915473852
1.121,-2.28689498293313
1.1211,-2.2863112346969
1.1212,-2.28572790962621
1.1213,-2.28514500731798
1.1214,-2.28456252736963
1.1215,-2.28398046937912
1.1216,-2.28339883294495
1.1217,-2.28281761766612
1.1218,-2.28223682314217
1.1219,-2.28165644897316
1.122,-2.28107649475968
1.1221,-2.28049696010282
1.1222,-2.27991784460421
1.1223,-2.27933914786599
1.1224,-2.27876086949085
1.1225,-2.27818300908194
1.1226,-2.27760556624299
1.1227,-2.2770285405782
1.1228,-2.27645193169233
1.1229,-2.27587573919061
1.123,-2.27529996267883
1.1231,-2.27472460176327
1.1232,-2.27414965605073
1.1233,-2.27357512514852
1.1234,-2.27300100866446
1.1235,-2.27242730620691
1.1236,-2.2718540173847
1.1237,-2.2712811418072
1.1238,-2.27070867908428
1.1239,-2.27013662882633
1.124,-2.26956499064422
1.1241,-2.26899376414938
1.1242,-2.26842294895369
1.1243,-2.26785254466957
1.1244,-2.26728255090995
1.1245,-2.26671296728825
1.1246,-2.2661437934184
1.1247,-2.26557502891484
1.1248,-2.2650066733925
1.1249,-2.26443872646683
1.125,-2.26387118775377
1.1251,-2.26330405686978
1.1252,-2.26273733343179
1.1253,-2.26217101705726
1.1254,-2.26160510736413
1.1255,-2.26103960397085
1.1256,-2.26047450649638
1.1257,-2.25990981456014
1.1258,-2.25934552778209
1.1259,-2.25878164578266
1.126,-2.25821816818279
1.1261,-2.2576550946039
1.1262,-2.25709242466792
1.1263,-2.25653015799727
1.1264,-2.25596829421486
1.1265,-2.2554068329441
1.1266,-2.25484577380887
1.1267,-2.25428511643358
1.1268,-2.2537248604431
1.1269,-2.2531650054628
1.127,-2.25260555111854
1.1271,-2.25204649703667
1.1272,-2.25148784284403
1.1273,-2.25092958816794
1.1274,-2.25037173263622
1.1275,-2.24981427587716
1.1276,-2.24925721751956
1.1277,-2.24870055719267
1.1278,-2.24814429452627
1.1279,-2.24758842915058
1.128,-2.24703296069634
1.1281,-2.24647788879475
1.1282,-2.24592321307749
1.1283,-2.24536893317675
1.1284,-2.24481504872516
1.1285,-2.24426155935587
1.1286,-2.24370846470249
1.1287,-2.24315576439911
1.1288,-2.24260345808031
1.1289,-2.24205154538112
1.129,-2.24150002593709
1.1291,-2.2409488993842
1.1292,-2.24039816535896
1.1293,-2.2398478234983
1.1294,-2.23929787343966
1.1295,-2.23874831482096
1.1296,-2.23819914728056
1.1297,-2.23765037045733
1.1298,-2.2371019839906
1.1299,-2.23655398752016
1.13,-2.23600638068628
1.1301,-2.2354591631297
1.1302,-2.23491233449165
1.1303,-2.23436589441381
1.1304,-2.23381984253832
1.1305,-2.23327417850781
1.1306,-2.23272890196537
1.1307,-2.23218401255456
1.1308,-2.2316395099194
1.1309,-2.2310953937044
1.131,-2.23055166355449
1.1311,-2.23000831911512
1.1312,-2.22946536003217
1.1313,-2.22892278595198
1.1314,-2.22838059652139
1.1315,-2.22783879138767
1.1316,-2.22729737019856
1.1317,-2.22675633260227
1.1318,-2.22621567824747
1.1319,-2.22567540678329
1.132,-2.22513551785931
1.1321,-2.22459601112559
1.1322,-2.22405688623263
1.1323,-2.2235181428314
1.1324,-2.22297978057333
1.1325,-2.2224417991103
1.1326,-2.22190419809465
1.1327,-2.22136697717918
1.1328,-2.22083013601715
1.1329,-2.22029367426226
1.133,-2.21975759156868
1.1331,-2.21922188759104
1.1332,-2.2186865619844
1.1333,-2.21815161440429
1.1334,-2.21761704450669
1.1335,-2.21708285194804
1.1336,-2.21654903638521
1.1337,-2.21601559747556
1.1338,-2.21548253487686
1.1339,-2.21494984824736
1.134,-2.21441753724573
1.1341,-2.21388560153113
1.1342,-2.21335404076313
1.1343,-2.21282285460177
1.1344,-2.21229204270753
1.1345,-2.21176160474134
1.1346,-2.21123154036458
1.1347,-2.21070184923908
1.1348,-2.2101725310271
1.1349,-2.20964358539134
1.135,-2.20911501199499
1.1351,-2.20858681050162
1.1352,-2.20805898057531
1.1353,-2.20753152188052
1.1354,-2.20700443408221
1.1355,-2.20647771684574
1.1356,-2.20595136983693
1.1357,-2.20542539272203
1.1358,-2.20489978516776
1.1359,-2.20437454684124
1.136,-2.20384967741005
1.1361,-2.20332517654223
1.1362,-2.20280104390621
1.1363,-2.20227727917091
1.1364,-2.20175388200564
1.1365,-2.2012308520802
1.1366,-2.20070818906477
1.1367,-2.20018589263001
1.1368,-2.199663962447
1.1369,-2.19914239818726
1.137,-2.19862119952273
1.1371,-2.19810036612579
1.1372,-2.19757989766928
1.1373,-2.19705979382644
1.1374,-2.19654005427096
1.1375,-2.19602067867695
1.1376,-2.19550166671898
1.1377,-2.19498301807201
1.1378,-2.19446473241148
1.1379,-2.19394680941321
1.138,-2.19342924875349
1.1381,-2.19291205010902
1.1382,-2.19239521315693
1.1383,-2.19187873757479
1.1384,-2.19136262304059
1.1385,-2.19084686923274
1.1386,-2.19033147583011
1.1387,-2.18981644251195
1.1388,-2.18930176895797
1.1389,-2.18878745484831
1.139,-2.1882734998635
1.1391,-2.18775990368453
1.1392,-2.18724666599281
1.1393,-2.18673378647016
1.1394,-2.18622126479882
1.1395,-2.18570910066149
1.1396,-2.18519729374125
1.1397,-2.18468584372162
1.1398,-2.18417475028655
1.1399,-2.18366401312041
1.14,-2.18315363190798
1.1401,-2.18264360633446
1.1402,-2.18213393608548
1.1403,-2.1816246208471
1.1404,-2.18111566030578
1.1405,-2.1806070541484
1.1406,-2.18009880206228
1.1407,-2.17959090373512
1.1408,-2.17908335885509
1.1409,-2.17857616711072
1.141,-2.17806932819101
1.1411,-2.17756284178535
1.1412,-2.17705670758354
1.1413,-2.17655092527581
1.1414,-2.17604549455279
1.1415,-2.17554041510555
1.1416,-2.17503568662555
1.1417,-2.17453130880469
1.1418,-2.17402728133525
1.1419,-2.17352360390994
1.142,-2.1730202762219
1.1421,-2.17251729796466
1.1422,-2.17201466883217
1.1423,-2.17151238851879
1.1424,-2.17101045671929
1.1425,-2.17050887312886
1.1426,-2.17000763744309
1.1427,-2.16950674935799
1.1428,-2.16900620856996
1.1429,-2.16850601477582
1.143,-2.16800616767283
1.1431,-2.16750666695862
1.1432,-2.16700751233122
1.1433,-2.16650870348911
1.1434,-2.16601024013115
1.1435,-2.1655121219566
1.1436,-2.16501434866515
1.1437,-2.16451691995689
1.1438,-2.1640198355323
1.1439,-2.16352309509227
1.144,-2.16302669833812
1.1441,-2.16253064497155
1.1442,-2.16203493469466
1.1443,-2.16153956720998
1.1444,-2.16104454222042
1.1445,-2.16054985942931
1.1446,-2.16005551854036
1.1447,-2.15956151925772
1.1448,-2.1590678612859
1.1449,-2.15857454432984
1.145,-2.15808156809488
1.1451,-2.15758893228675
1.1452,-2.15709663661158
1.1453,-2.15660468077591
1.1454,-2.15611306448667
1.1455,-2.15562178745122
1.1456,-2.15513084937726
1.1457,-2.15464024997296
1.1458,-2.15414998894682
1.1459,-2.1536600660078
1.146,-2.15317048086522
1.1461,-2.15268123322879
1.1462,-2.15219232280866
1.1463,-2.15170374931535
1.1464,-2.15121551245976
1.1465,-2.15072761195322
1.1466,-2.15024004750743
1.1467,-2.14975281883451
1.1468,-2.14926592564694
1.1469,-2.14877936765765
1.147,-2.1482931445799
1.1471,-2.1478072561274
1.1472,-2.14732170201421
1.1473,-2.14683648195482
1.1474,-2.14635159566409
1.1475,-2.14586704285728
1.1476,-2.14538282325004
1.1477,-2.14489893655843
1.1478,-2.14441538249886
1.1479,-2.14393216078819
1.148,-2.14344927114362
1.1481,-2.14296671328277
1.1482,-2.14248448692365
1.1483,-2.14200259178464
1.1484,-2.14152102758452
1.1485,-2.14103979404248
1.1486,-2.14055889087808
1.1487,-2.14007831781127
1.1488,-2.13959807456239
1.1489,-2.13911816085217
1.149,-2.13863857640173
1.1491,-2.13815932093258
1.1492,-2.1376803941666
1.1493,-2.1372017958261
1.1494,-2.13672352563373
1.1495,-2.13624558331256
1.1496,-2.13576796858602
1.1497,-2.13529068117794
1.1498,-2.13481372081255
1.1499,-2.13433708721444
1.15,-2.13386078010861
1.1501,-2.13338479922042
1.1502,-2.13290914427563
1.1503,-2.13243381500039
1.1504,-2.13195881112122
1.1505,-2.13148413236504
1.1506,-2.13100977845914
1.1507,-2.13053574913119
1.1508,-2.13006204410927
1.1509,-2.12958866312181
1.151,-2.12911560589765
1.1511,-2.128642872166
1.1512,-2.12817046165645
1.1513,-2.12769837409898
1.1514,-2.12722660922393
1.1515,-2.12675516676207
1.1516,-2.12628404644449
1.1517,-2.12581324800271
1.1518,-2.1253427711686
1.1519,-2.12487261567444
1.152,-2.12440278125286
1.1521,-2.12393326763688
1.1522,-2.12346407455991
1.1523,-2.12299520175574
1.1524,-2.12252664895852
1.1525,-2.1220584159028
1.1526,-2.12159050232349
1.1527,-2.1211229079559
1.1528,-2.1206556325357
1.1529,-2.12018867579894
1.153,-2.11972203748207
1.1531,-2.11925571732189
1.1532,-2.1187897150556
1.1533,-2.11832403042075
1.1534,-2.11785866315529
1.1535,-2.11739361299754
1.1536,-2.1169288796862
1.1537,-2.11646446296034
1.1538,-2.11600036255941
1.1539,-2.11553657822324
1.154,-2.11507310969202
1.1541,-2.11460995670634
1.1542,-2.11414711900714
1.1543,-2.11368459633575
1.1544,-2.11322238843388
1.1545,-2.1127604950436
1.1546,-2.11229891590737
1.1547,-2.11183765076801
1.1548,-2.11137669936871
1.1549,-2.11091606145306
1.155,-2.110455736765
1.1551,-2.10999572504886
1.1552,-2.10953602604932
1.1553,-2.10907663951147
1.1554,-2.10861756518073
1.1555,-2.10815880280292
1.1556,-2.10770035212423
1.1557,-2.10724221289122
1.1558,-2.10678438485082
1.1559,-2.10632686775033
1.156,-2.10586966133744
1.1561,-2.10541276536018
1.1562,-2.10495617956698
1.1563,-2.10449990370662
1.1564,-2.10404393752828
1.1565,-2.10358828078147
1.1566,-2.10313293321612
1.1567,-2.10267789458248
1.1568,-2.10222316463121
1.1569,-2.10176874311333
1.157,-2.10131462978022
1.1571,-2.10086082438363
1.1572,-2.1004073266757
1.1573,-2.09995413640892
1.1574,-2.09950125333615
1.1575,-2.09904867721064
1.1576,-2.09859640778598
1.1577,-2.09814444481617
1.1578,-2.09769278805553
1.1579,-2.09724143725877
1.158,-2.096790392181
1.1581,-2.09633965257765
1.1582,-2.09588921820454
1.1583,-2.09543908881786
1.1584,-2.09498926417418
1.1585,-2.09453974403041
1.1586,-2.09409052814384
1.1587,-2.09364161627215
1.1588,-2.09319300817335
1.1589,-2.09274470360585
1.159,-2.09229670232841
1.1591,-2.09184900410016
1.1592,-2.0914016086806
1.1593,-2.09095451582961
1.1594,-2.09050772530741
1.1595,-2.0900612368746
1.1596,-2.08961505029217
1.1597,-2.08916916532143
1.1598,-2.0887235817241
1.1599,-2.08827829926224
1.16,-2.0878333176983
1.1601,-2.08738863679507
1.1602,-2.08694425631572
1.1603,-2.0865001760238
1.1604,-2.0860563956832
1.1605,-2.08561291505818
1.1606,-2.0851697339134
1.1607,-2.08472685201385
1.1608,-2.08428426912489
1.1609,-2.08384198501227
1.161,-2.08339999944207
1.1611,-2.08295831218077
1.1612,-2.08251692299519
1.1613,-2.08207583165254
1.1614,-2.08163503792038
1.1615,-2.08119454156663
1.1616,-2.08075434235958
1.1617,-2.08031444006791
1.1618,-2.07987483446063
1.1619,-2.07943552530713
1.162,-2.07899651237717
1.1621,-2.07855779544088
1.1622,-2.07811937426873
1.1623,-2.07768124863159
1.1624,-2.07724341830066
1.1625,-2.07680588304753
1.1626,-2.07636864264415
1.1627,-2.07593169686283
1.1628,-2.07549504547625
1.1629,-2.07505868825745
1.163,-2.07462262497984
1.1631,-2.0741868554172
1.1632,-2.07375137934366
1.1633,-2.07331619653373
1.1634,-2.07288130676227
1.1635,-2.07244670980452
1.1636,-2.07201240543608
1.1637,-2.07157839343291
1.1638,-2.07114467357135
1.1639,-2.07071124562808
1.164,-2.07027810938016
1.1641,-2.06984526460502
1.1642,-2.06941271108045
1.1643,-2.0689804485846
1.1644,-2.068548476896
1.1645,-2.06811679579352
1.1646,-2.06768540505642
1.1647,-2.06725430446431
1.1648,-2.06682349379718
1.1649,-2.06639297283535
1.165,-2.06596274135956
1.1651,-2.06553279915088
1.1652,-2.06510314599074
1.1653,-2.06467378166095
1.1654,-2.06424470594369
1.1655,-2.06381591862149
1.1656,-2.06338741947726
1.1657,-2.06295920829426
1.1658,-2.06253128485613
1.1659,-2.06210364894688
1.166,-2.06167630035086
1.1661,-2.06124923885281
1.1662,-2.06082246423782
1.1663,-2.06039597629137
1.1664,-2.05996977479928
1.1665,-2.05954385954774
1.1666,-2.05911823032332
1.1667,-2.05869288691294
1.1668,-2.05826782910391
1.1669,-2.05784305668388
1.167,-2.05741856944088
1.1671,-2.0569943671633
1.1672,-2.05657044963992
1.1673,-2.05614681665984
1.1674,-2.05572346801257
1.1675,-2.05530040348798
1.1676,-2.05487762287628
1.1677,-2.05445512596808
1.1678,-2.05403291255434
1.1679,-2.05361098242639
1.168,-2.05318933537593
1.1681,-2.05276797119502
1.1682,-2.05234688967611
1.1683,-2.05192609061198
1.1684,-2.05150557379582
1.1685,-2.05108533902117
1.1686,-2.05066538608192
1.1687,-2.05024571477235
1.1688,-2.04982632488712
1.1689,-2.04940721622122
1.169,-2.04898838857006
1.1691,-2.04856984172936
1.1692,-2.04815157549527
1.1693,-2.04773358966426
1.1694,-2.04731588403319
1.1695,-2.04689845839931
1.1696,-2.04648131256019
1.1697,-2.04606444631383
1.1698,-2.04564785945854
1.1699,-2.04523155179306
1.17,-2.04481552311645
1.1701,-2.04439977322817
1.1702,-2.04398430192804
1.1703,-2.04356910901625
1.1704,-2.04315419429338
1.1705,-2.04273955756037
1.1706,-2.04232519861851
1.1707,-2.04191111726949
1.1708,-2.04149731331537
1.1709,-2.04108378655857
1.171,-2.0406705368019
1.1711,-2.04025756384852
1.1712,-2.03984486750198
1.1713,-2.0394324475662
1.1714,-2.03902030384547
1.1715,-2.03860843614446
1.1716,-2.03819684426821
1.1717,-2.03778552802214
1.1718,-2.03737448721203
1.1719,-2.03696372164405
1.172,-2.03655323112474
1.1721,-2.03614301546102
1.1722,-2.03573307446018
1.1723,-2.03532340792988
1.1724,-2.03491401567816
1.1725,-2.03450489751346
1.1726,-2.03409605324457
1.1727,-2.03368748268065
1.1728,-2.03327918563126
1.1729,-2.03287116190634
1.173,-2.03246341131619
1.1731,-2.03205593367149
1.1732,-2.03164872878331
1.1733,-2.03124179646309
1.1734,-2.03083513652266
1.1735,-2.03042874877421
1.1736,-2.03002263303034
1.1737,-2.02961678910399
1.1738,-2.02921121680852
1.1739,-2.02880591595765
1.174,-2.02840088636548
1.1741,-2.02799612784651
1.1742,-2.02759164021559
1.1743,-2.02718742328798
1.1744,-2.02678347687931
1.1745,-2.02637980080561
1.1746,-2.02597639488326
1.1747,-2.02557325892906
1.1748,-2.02517039276017
1.1749,-2.02476779619415
1.175,-2.02436546904893
1.1751,-2.02396341114283
1.1752,-2.02356162229457
1.1753,-2.02316010232323
1.1754,-2.0227588510483
1.1755,-2.02235786828965
1.1756,-2.02195715386753
1.1757,-2.02155670760259
1.1758,-2.02115652931586
1.1759,-2.02075661882875
1.176,-2.02035697596307
1.1761,-2.01995760054103
1.1762,-2.01955849238522
1.1763,-2.0191596513186
1.1764,-2.01876107716456
1.1765,-2.01836276974684
1.1766,-2.01796472888961
1.1767,-2.01756695441741
1.1768,-2.01716944615517
1.1769,-2.01677220392824
1.177,-2.01637522756232
1.1771,-2.01597851688354
1.1772,-2.01558207171842
1.1773,-2.01518589189386
1.1774,-2.01478997723716
1.1775,-2.01439432757603
1.1776,-2.01399894273856
1.1777,-2.01360382255325
1.1778,-2.01320896684898
1.1779,-2.01281437545506
1.178,-2.01242004820116
1.1781,-2.01202598491737
1.1782,-2.01163218543418
1.1783,-2.01123864958249
1.1784,-2.01084537719358
1.1785,-2.01045236809914
1.1786,-2.01005962213126
1.1787,-2.00966713912244
1.1788,-2.00927491890558
1.1789,-2.00888296131398
1.179,-2.00849126618136
1.1791,-2.00809983334181
1.1792,-2.00770866262987
1.1793,-2.00731775388045
1.1794,-2.00692710692888
1.1795,-2.00653672161091
1.1796,-2.00614659776269
1.1797,-2.00575673522076
1.1798,-2.00536713382209
1.1799,-2.00497779340406
1.18,-2.00458871380446
1.1801,-2.00419989486148
1.1802,-2.00381133641374
1.1803,-2.00342303830024
1.1804,-2.00303500036044
1.1805,-2.00264722243418
1.1806,-2.00225970436172
1.1807,-2.00187244598375
1.1808,-2.00148544714137
1.1809,-2.00109870767607
1.181,-2.00071222742981
1.1811,-2.00032600624492
1.1812,-1.99994004396417
1.1813,-1.99955434043076
1.1814,-1.99916889548829
1.1815,-1.9987837089808
1.1816,-1.99839878075273
1.1817,-1.99801411064896
1.1818,-1.99762969851479
1.1819,-1.99724554419594
1.182,-1.99686164753857
1.1821,-1.99647800838924
1.1822,-1.99609462659496
1.1823,-1.99571150200316
1.1824,-1.99532863446169
1.1825,-1.99494602381885
1.1826,-1.99456366992334
1.1827,-1.99418157262433
1.1828,-1.99379973177137
1.1829,-1.9934181472145
1.183,-1.99303681880415
1.1831,-1.99265574639121
1.1832,-1.99227492982699
1.1833,-1.99189436896324
1.1834,-1.99151406365215
1.1835,-1.99113401374635
1.1836,-1.9907542190989
1.1837,-1.99037467956331
1.1838,-1.98999539499353
1.1839,-1.98961636524393
1.184,-1.98923759016936
1.1841,-1.98885906962509
1.1842,-1.98848080346683
1.1843,-1.98810279155075
1.1844,-1.98772503373345
1.1845,-1.98734752987201
1.1846,-1.98697027982391
1.1847,-1.98659328344712
1.1848,-1.98621654060004
1.1849,-1.98584005114153
1.185,-1.98546381493089
1.1851,-1.9850878318279
1.1852,-1.98471210169277
1.1853,-1.98433662438617
1.1854,-1.98396139976922
1.1855,-1.98358642770353
1.1856,-1.98321170805113
1.1857,-1.98283724067454
1.1858,-1.98246302543671
1.1859,-1.98208906220108
1.186,-1.98171535083153
1.1861,-1.98134189119243
1.1862,-1.98096868314861
1.1863,-1.98059572656533
1.1864,-1.98022302130837
1.1865,-1.97985056724395
1.1866,-1.97947836423877
1.1867,-1.97910641215998
1.1868,-1.97873471087523
1.1869,-1.97836326025264
1.187,-1.97799206016079
1.1871,-1.97762111046874
1.1872,-1.97725041104604
1.1873,-1.97687996176271
1.1874,-1.97650976248924
1.1875,-1.97613981309662
1.1876,-1.97577011345631
1.1877,-1.97540066344026
1.1878,-1.9750314629209
1.1879,-1.97466251177114
1.188,-1.97429380986441
1.1881,-1.97392535707458
1.1882,-1.97355715327605
1.1883,-1.97318919834369
1.1884,-1.97282149215287
1.1885,-1.97245403457946
1.1886,-1.97208682549981
1.1887,-1.97171986479079
1.1888,-1.97135315232975
1.1889,-1.97098668799455
1.189,-1.97062047166354
1.1891,-1.97025450321559
1.1892,-1.96988878253005
1.1893,-1.96952330948681
1.1894,-1.96915808396623
1.1895,-1.96879310584921
1.1896,-1.96842837501714
1.1897,-1.96806389135193
1.1898,-1.967699654736
1.1899,-1.9673356650523
1.19,-1.96697192218426
1.1901,-1.96660842601588
1.1902,-1.96624517643162
1.1903,-1.96588217331652
1.1904,-1.9655194165561
1.1905,-1.96515690603643
1.1906,-1.96479464164408
1.1907,-1.96443262326618
1.1908,-1.96407085079036
1.1909,-1.96370932410481
1.191,-1.96334804309822
1.1911,-1.96298700765983
1.1912,-1.96262621767943
1.1913,-1.96226567304734
1.1914,-1.96190537365439
1.1915,-1.961545319392
1.1916,-1.96118551015209
1.1917,-1.96082594582717
1.1918,-1.96046662631024
1.1919,-1.9601075514949
1.192,-1.95974872127528
1.1921,-1.95939013554604
1.1922,-1.95903179420245
1.1923,-1.95867369714028
1.1924,-1.95831584425588
1.1925,-1.95795823544617
1.1926,-1.95760087060862
1.1927,-1.95724374964126
1.1928,-1.95688687244269
1.1929,-1.95653023891208
1.193,-1.95617384894917
1.1931,-1.95581770245427
1.1932,-1.95546179932827
1.1933,-1.95510613947261
1.1934,-1.95475072278933
1.1935,-1.95439554918106
1.1936,-1.954040618551
1.1937,-1.95368593080291
1.1938,-1.95333148584117
1.1939,-1.95297728357073
1.194,-1.95262332389715
1.1941,-1.95226960672655
1.1942,-1.95191613196568
1.1943,-1.95156289952186
1.1944,-1.95120990930303
1.1945,-1.9508571612177
1.1946,-1.95050465517503
1.1947,-1.95015239108473
1.1948,-1.94980036885718
1.1949,-1.94944858840331
1.195,-1.94909704963471
1.1951,-1.94874575246356
1.1952,-1.94839469680266
1.1953,-1.94804388256544
1.1954,-1.94769330966595
1.1955,-1.94734297801886
1.1956,-1.94699288753945
1.1957,-1.94664303814367
1.1958,-1.94629342974807
1.1959,-1.94594406226985
1.196,-1.94559493562684
1.1961,-1.9452460497375
1.1962,-1.94489740452096
1.1963,-1.94454899989698
1.1964,-1.94420083578595
1.1965,-1.94385291210894
1.1966,-1.94350522878765
1.1967,-1.94315778574446
1.1968,-1.94281058290238
1.1969,-1.9424636201851
1.197,-1.94211689751696
1.1971,-1.94177041482298
1.1972,-1.94142417202885
1.1973,-1.94107816906092
1.1974,-1.94073240584621
1.1975,-1.94038688231244
1.1976,-1.940041598388
1.1977,-1.93969655400196
1.1978,-1.93935174908407
1.1979,-1.93900718356479
1.198,-1.93866285737525
1.1981,-1.9383187704473
1.1982,-1.93797492271346
1.1983,-1.93763131410697
1.1984,-1.93728794456177
1.1985,-1.93694481401251
1.1986,-1.93660192239454
1.1987,-1.93625926964395
1.1988,-1.93591685569751
1.1989,-1.93557468049275
1.199,-1.93523274396789
1.1991,-1.93489104606189
1.1992,-1.93454958671444
1.1993,-1.93420836586596
1.1994,-1.93386738345763
1.1995,-1.93352663943133
1.1996,-1.93318613372971
1.1997,-1.93284586629617
1.1998,-1.93250583707483
1.1999,-1.9321660460106
1.2,-1.93182649304913
1.2001,-1.93148717813683
1.2002,-1.93114810122088
1.2003,-1.93080926224923
1.2004,-1.93047066117059
1.2005,-1.93013229793446
1.2006,-1.9297941724911
1.2007,-1.92945628479157
1.2008,-1.9291186347877
1.2009,-1.92878122243215
1.201,-1.92844404767832
1.2011,-1.92810711048043
1.2012,-1.92777041079352
1.2013,-1.92743394857342
1.2014,-1.92709772377675
1.2015,-1.92676173636099
1.2016,-1.92642598628439
1.2017,-1.92609047350604
1.2018,-1.92575519798588
1.2019,-1.92542015968464
1.202,-1.92508535856391
1.2021,-1.92475079458611
1.2022,-1.92441646771449
1.2023,-1.92408237791318
1.2024,-1.92374852514712
1.2025,-1.92341490938213
1.2026,-1.92308153058489
1.2027,-1.92274838872293
1.2028,-1.92241548376466
1.2029,-1.92208281567937
1.203,-1.9217503844372
1.2031,-1.92141819000919
1.2032,-1.92108623236728
1.2033,-1.92075451148427
1.2034,-1.92042302733387
1.2035,-1.92009177989071
1.2036,-1.91976076913029
1.2037,-1.91942999502904
1.2038,-1.9190994575643
1.2039,-1.91876915671434
1.204,-1.91843909245834
1.2041,-1.91810926477641
1.2042,-1.9177796736496
1.2043,-1.91745031905991
1.2044,-1.91712120099026
1.2045,-1.91679231942454
1.2046,-1.91646367434758
1.2047,-1.91613526574518
1.2048,-1.91580709360411
1.2049,-1.91547915791209
1.205,-1.91515145865784
1.2051,-1.91482399583105
1.2052,-1.91449676942239
1.2053,-1.91416977942352
1.2054,-1.91384302582712
1.2055,-1.91351650862686
1.2056,-1.91319022781741
1.2057,-1.91286418339447
1.2058,-1.91253837535474
1.2059,-1.91221280369597
1.206,-1.91188746841692
1.2061,-1.91156236951741
1.2062,-1.91123750699829
1.2063,-1.91091288086145
1.2064,-1.91058849110985
1.2065,-1.91026433774751
1.2066,-1.90994042077951
1.2067,-1.90961674021202
1.2068,-1.90929329605227
1.2069,-1.9089700883086
1.207,-1.90864711699041
1.2071,-1.90832438210822
1.2072,-1.90800188367366
1.2073,-1.90767962169946
1.2074,-1.90735759619948
1.2075,-1.90703580718869
1.2076,-1.90671425468321
1.2077,-1.90639293870028
1.2078,-1.9060718592583
1.2079,-1.90575101637682
1.208,-1.90543041007653
1.2081,-1.90511004037933
1.2082,-1.90478990730825
1.2083,-1.90447001088751
1.2084,-1.90415035114253
1.2085,-1.90383092809993
1.2086,-1.9035117417875
1.2087,-1.90319279223428
1.2088,-1.90287407947049
1.2089,-1.90255560352759
1.209,-1.90223736443829
1.2091,-1.90191936223651
1.2092,-1.90160159695744
1.2093,-1.9012840686375
1.2094,-1.90096677731439
1.2095,-1.9006497230271
1.2096,-1.90033290581585
1.2097,-1.90001632572218
1.2098,-1.89969998278893
1.2099,-1.89938387706022
1.21,-1.8990680085815
1.2101,-1.89875237739953
1.2102,-1.8984369835624
1.2103,-1.89812182711954
1.2104,-1.89780690812172
1.2105,-1.89749222662108
1.2106,-1.89717778267108
1.2107,-1.8968635763266
1.2108,-1.89654960764388
1.2109,-1.89623587668055
1.211,-1.89592238349563
1.2111,-1.89560912814957
1.2112,-1.8952961107042
1.2113,-1.89498333122283
1.2114,-1.89467078977014
1.2115,-1.89435848641231
1.2116,-1.89404642121694
1.2117,-1.89373459425312
1.2118,-1.89342300559139
1.2119,-1.89311165530379
1.212,-1.89280054346384
1.2121,-1.89248967014657
1.2122,-1.89217903542854
1.2123,-1.89186863938781
1.2124,-1.89155848210398
1.2125,-1.8912485636582
1.2126,-1.89093888413317
1.2127,-1.89062944361315
1.2128,-1.89032024218401
1.2129,-1.89001127993316
1.213,-1.88970255694963
1.2131,-1.88939407332407
1.2132,-1.88908582914873
1.2133,-1.8887778245175
1.2134,-1.88847005952591
1.2135,-1.88816253427115
1.2136,-1.88785524885208
1.2137,-1.88754820336921
1.2138,-1.88724139792477
1.2139,-1.88693483262268
1.214,-1.88662850756857
1.2141,-1.88632242286978
1.2142,-1.88601657863543
1.2143,-1.88571097497634
1.2144,-1.88540561200513
1.2145,-1.88510048983617
1.2146,-1.88479560858562
1.2147,-1.88449096837146
1.2148,-1.88418656931345
1.2149,-1.8838824115332
1.215,-1.88357849515415
1.2151,-1.8832748203016
1.2152,-1.8829713871027
1.2153,-1.8826681956865
1.2154,-1.88236524618392
1.2155,-1.88206253872781
1.2156,-1.88176007345291
1.2157,-1.88145785049593
1.2158,-1.8811558699955
1.2159,-1.88085413209222
1.216,-1.88055263692869
1.2161,-1.88025138464947
1.2162,-1.87995037540115
1.2163,-1.87964960933233
1.2164,-1.87934908659364
1.2165,-1.87904880733779
1.2166,-1.87874877171953
1.2167,-1.87844897989571
1.2168,-1.87814943202526
1.2169,-1.87785012826925
1.217,-1.87755106879086
1.2171,-1.87725225375542
1.2172,-1.87695368333044
1.2173,-1.87665535768558
1.2174,-1.87635727699273
1.2175,-1.87605944142597
1.2176,-1.87576185116161
1.2177,-1.87546450637822
1.2178,-1.87516740725662
1.2179,-1.87487055397993
1.218,-1.87457394673355
1.2181,-1.87427758570521
1.2182,-1.87398147108497
1.2183,-1.87368560306525
1.2184,-1.87338998184083
1.2185,-1.87309460760889
1.2186,-1.87279948056902
1.2187,-1.87250460092323
1.2188,-1.87220996887598
1.2189,-1.87191558463422
1.219,-1.87162144840734
1.2191,-1.87132756040728
1.2192,-1.87103392084848
1.2193,-1.87074052994793
1.2194,-1.8704473879252
1.2195,-1.87015449500242
1.2196,-1.86986185140437
1.2197,-1.86956945735841
1.2198,-1.86927731309459
1.2199,-1.86898541884561
1.22,-1.86869377484686
1.2201,-1.86840238133646
1.2202,-1.86811123855526
1.2203,-1.86782034674687
1.2204,-1.86752970615768
1.2205,-1.86723931703688
1.2206,-1.8669491796365
1.2207,-1.86665929421142
1.2208,-1.86636966101937
1.2209,-1.86608028032101
1.221,-1.8657911523799
1.2211,-1.86550227746257
1.2212,-1.8652136558385
1.2213,-1.86492528778017
1.2214,-1.86463717356308
1.2215,-1.86434931346579
1.2216,-1.86406170776991
1.2217,-1.86377435676017
1.2218,-1.86348726072441
1.2219,-1.86320041995361
1.222,-1.86291383474196
1.2221,-1.86262750538682
1.2222,-1.86234143218879
1.2223,-1.86205561545174
1.2224,-1.86177005548283
1.2225,-1.86148475259251
1.2226,-1.8611997070946
1.2227,-1.86091491930627
1.2228,-1.8606303895481
1.2229,-1.86034611814411
1.223,-1.86006210542176
1.2231,-1.85977835171202
1.2232,-1.85949485734938
1.2233,-1.85921162267185
1.2234,-1.85892864802106
1.2235,-1.85864593374224
1.2236,-1.85836348018427
1.2237,-1.85808128769969
1.2238,-1.85779935664477
1.2239,-1.8575176873795
1.224,-1.85723628026769
1.2241,-1.8569551356769
1.2242,-1.85667425397859
1.2243,-1.85639363554805
1.2244,-1.85611328076452
1.2245,-1.85583319001116
1.2246,-1.85555336367512
1.2247,-1.85527380214759
1.2248,-1.85499450582377
1.2249,-1.85471547510301
1.225,-1.85443671038873
1.2251,-1.85415821208855
1.2252,-1.8538799806143
1.2253,-1.85360201638202
1.2254,-1.85332431981205
1.2255,-1.85304689132906
1.2256,-1.85276973136207
1.2257,-1.85249284034449
1.2258,-1.85221621871419
1.2259,-1.8519398669135
1.226,-1.85166378538929
1.2261,-1.85138797459298
1.2262,-1.85111243498062
1.2263,-1.85083716701289
1.2264,-1.85056217115516
1.2265,-1.85028744787756
1.2266,-1.85001299765498
1.2267,-1.84973882096716
1.2268,-1.84946491829868
1.2269,-1.84919129013907
1.227,-1.84891793698281
1.2271,-1.84864485932939
1.2272,-1.84837205768336
1.2273,-1.8480995325544
1.2274,-1.84782728445731
1.2275,-1.84755531391213
1.2276,-1.84728362144412
1.2277,-1.84701220758389
1.2278,-1.84674107286736
1.2279,-1.84647021783591
1.228,-1.84619964303634
1.2281,-1.84592934902099
1.2282,-1.84565933634774
1.2283,-1.84538960558013
1.2284,-1.84512015728735
1.2285,-1.84485099204433
1.2286,-1.84458211043178
1.2287,-1.84431351303629
1.2288,-1.8440452004503
1.2289,-1.84377717327227
1.229,-1.84350943210663
1.2291,-1.84324197756392
1.2292,-1.84297481026081
1.2293,-1.84270793082017
1.2294,-1.84244133987114
1.2295,-1.84217503804919
1.2296,-1.84190902599617
1.2297,-1.84164330436039
1.2298,-1.84137787379667
1.2299,-1.84111273496643
1.23,-1.84084788853773
1.2301,-1.84058333518534
1.2302,-1.84031907559085
1.2303,-1.84005511044267
1.2304,-1.83979144043615
1.2305,-1.83952806627364
1.2306,-1.83926498866456
1.2307,-1.83900220832545
1.2308,-1.8387397259801
1.2309,-1.83847754235957
1.231,-1.83821565820227
1.2311,-1.83795407425407
1.2312,-1.83769279126835
1.2313,-1.8374318100061
1.2314,-1.83717113123597
1.2315,-1.83691075573436
1.2316,-1.83665068428554
1.2317,-1.83639091768165
1.2318,-1.83613145672287
1.2319,-1.83587230221746
1.232,-1.83561345498184
1.2321,-1.83535491584071
1.2322,-1.83509668562709
1.2323,-1.83483876518245
1.2324,-1.8345811553568
1.2325,-1.83432385700874
1.2326,-1.8340668710056
1.2327,-1.8338101982235
1.2328,-1.83355383954746
1.2329,-1.8332977958715
1.233,-1.83304206809873
1.2331,-1.83278665714143
1.2332,-1.8325315639212
1.2333,-1.83227678936901
1.2334,-1.83202233442532
1.2335,-1.83176820004021
1.2336,-1.83151438717343
1.2337,-1.83126089679457
1.2338,-1.83100772988311
1.2339,-1.83075488742857
1.234,-1.8305023704306
1.2341,-1.83025017989911
1.2342,-1.82999831685436
1.2343,-1.8297467823271
1.2344,-1.82949557735866
1.2345,-1.8292447030011
1.2346,-1.8289941603173
1.2347,-1.82874395038112
1.2348,-1.82849407427747
1.2349,-1.82824453310249
1.235,-1.82799532796362
1.2351,-1.8277464599798
1.2352,-1.82749793028152
1.2353,-1.82724974001103
1.2354,-1.82700189032241
1.2355,-1.82675438238173
1.2356,-1.82650721736722
1.2357,-1.82626039646935
1.2358,-1.82601392089101
1.2359,-1.82576779184764
1.236,-1.82552201056739
1.2361,-1.82527657829124
1.2362,-1.8250314962732
1.2363,-1.82478676578038
1.2364,-1.82454238809323
1.2365,-1.82429836450564
1.2366,-1.82405469632512
1.2367,-1.82381138487296
1.2368,-1.8235684314844
1.2369,-1.82332583750874
1.237,-1.8230836043096
1.2371,-1.82284173326502
1.2372,-1.82260022576765
1.2373,-1.82235908322493
1.2374,-1.82211830705927
1.2375,-1.82187789870821
1.2376,-1.82163785962464
1.2377,-1.82139819127692
1.2378,-1.82115889514915
1.2379,-1.8209199727413
1.238,-1.82068142556942
1.2381,-1.82044325516583
1.2382,-1.82020546307935
1.2383,-1.81996805087545
1.2384,-1.8197310201365
1.2385,-1.81949437246194
1.2386,-1.81925810946852
1.2387,-1.8190222327905
1.2388,-1.81878674407989
1.2389,-1.8185516450066
1.239,-1.81831693725877
1.2391,-1.8180826225429
1.2392,-1.81784870258412
1.2393,-1.81761517912645
1.2394,-1.81738205393299
1.2395,-1.81714932878617
1.2396,-1.81691700548801
1.2397,-1.81668508586038
1.2398,-1.81645357174521
1.2399,-1.81622246500477
1.24,-1.81599176752193
1.2401,-1.81576148120042
1.2402,-1.81553160796511
1.2403,-1.81530214976223
1.2404,-1.81507310855972
1.2405,-1.81484448634745
1.2406,-1.81461628513755
1.2407,-1.81438850696464
1.2408,-1.81416115388618
1.2409,-1.81393422798275
1.241,-1.81370773135831
1.2411,-1.81348166614058
1.2412,-1.81325603448129
1.2413,-1.81303083855652
1.2414,-1.81280608056704
1.2415,-1.81258176273859
1.2416,-1.81235788732224
1.2417,-1.81213445659474
1.2418,-1.81191147285883
1.2419,-1.81168893844361
1.242,-1.81146685570486
1.2421,-1.81124522702546
1.2422,-1.81102405481569
1.2423,-1.81080334151362
1.2424,-1.81058308958551
1.2425,-1.81036330152616
1.2426,-1.81014397985932
1.2427,-1.80992512713805
1.2428,-1.80970674594518
1.2429,-1.80948883889364
1.243,-1.80927140862696
1.2431,-1.80905445781959
1.2432,-1.80883798917742
1.2433,-1.80862200543817
1.2434,-1.80840650937181
1.2435,-1.80819150378107
1.2436,-1.80797699150183
1.2437,-1.80776297540361
1.2438,-1.80754945839007
1.2439,-1.80733644339944
1.244,-1.80712393340502
1.2441,-1.80691193141569
1.2442,-1.80670044047642
1.2443,-1.80648946366874
1.2444,-1.80627900411129
1.2445,-1.80606906496035
1.2446,-1.80585964941035
1.2447,-1.80565076069447
1.2448,-1.80544240208512
1.2449,-1.80523457689458
1.245,-1.80502728847552
1.2451,-1.8048205402216
1.2452,-1.80461433556808
1.2453,-1.8044086779924
1.2454,-1.80420357101481
1.2455,-1.803999018199
1.2456,-1.80379502315271
1.2457,-1.80359158952839
1.2458,-1.80338872102387
1.2459,-1.80318642138302
1.246,-1.80298469439642
1.2461,-1.80278354390207
1.2462,-1.80258297378608
1.2463,-1.80238298798339
1.2464,-1.80218359047851
1.2465,-1.80198478530623
1.2466,-1.80178657655242
1.2467,-1.80158896835478
1.2468,-1.80139196490359
1.2469,-1.80119557044256
1.247,-1.80099978926958
1.2471,-1.80080462573761
1.2472,-1.80061008425545
1.2473,-1.80041616928866
1.2474,-1.80022288536036
1.2475,-1.80003023705217
1.2476,-1.79983822900507
1.2477,-1.79964686592036
1.2478,-1.79945615256053
1.2479,-1.79926609375027
1.248,-1.7990766943774
1.2481,-1.79888795939387
1.2482,-1.79869989381672
1.2483,-1.79851250272917
1.2484,-1.79832579128162
1.2485,-1.79813976469266
1.2486,-1.79795442825026
1.2487,-1.79776978731273
1.2488,-1.79758584730995
1.2489,-1.79740261374442
1.249,-1.79722009219249
1.2491,-1.79703828830546
1.2492,-1.79685720781086
1.2493,-1.79667685651359
1.2494,-1.79649724029724
1.2495,-1.79631836512531
1.2496,-1.79614023704249
1.2497,-1.79596286217602
1.2498,-1.79578624673699
1.2499,-1.79561039702172
1.25,-1.79543531941314
1.2501,-1.79526102038221
1.2502,-1.79508750648935
1.2503,-1.79491478438593
1.2504,-1.79474286081575
1.2505,-1.79457174261655
1.2506,-1.79440143672157
1.2507,-1.79423195016115
1.2508,-1.79406329006432
1.2509,-1.79389546366043
1.251,-1.79372847828086
1.2511,-1.79356234136066
1.2512,-1.79339706044035
1.2513,-1.79323264316765
1.2514,-1.79306909729929
1.2515,-1.79290643070281
1.2516,-1.79274465135851
1.2517,-1.79258376736127
1.2518,-1.79242378692253
1.2519,-1.79226471837226
1.252,-1.79210657016096
1.2521,-1.79194935086174
1.2522,-1.7917930691724
1.2523,-1.79163773391753
1.2524,-1.79148335405071
1.2525,-1.79132993865671
1.2526,-1.79117749695377
1.2527,-1.79102603829584
1.2528,-1.79087557217495
1.2529,-1.79072610822361
1.253,-1.79057765621719
1.2531,-1.79043022607643
1.2532,-1.79028382786993
1.2533,-1.79013847181676
1.2534,-1.78999416828901
1.2535,-1.7898509278145
1.2536,-1.78970876107947
1.2537,-1.78956767893134
1.2538,-1.78942769238154
1.2539,-1.78928881260835
1.254,-1.78915105095983
1.2541,-1.78901441895679
1.2542,-1.78887892829582
1.2543,-1.78874459085235
1.2544,-1.78861141868381
1.2545,-1.78847942403278
1.2546,-1.78834861933031
1.2547,-1.78821901719914
1.2548,-1.78809063045715
1.2549,-1.78796347212071
1.255,-1.78783755540822
1.2551,-1.78771289374362
1.2552,-1.78758950076002
1.2553,-1.78746739030335
1.2554,-1.78734657643611
1.2555,-1.78722707344113
1.2556,-1.78710889582549
1.2557,-1.78699205832435
1.2558,-1.78687657590501
1.2559,-1.78676246377093
1.256,-1.78664973736582
1.2561,-1.78653841237785
1.2562,-1.78642850474388
1.2563,-1.78632003065375
1.2564,-1.78621300655466
1.2565,-1.78610744915558
1.2566,-1.78600337543178
1.2567,-1.78590080262936
1.2568,-1.78579974826986
1.2569,-1.78570023015495
1.257,-1.78560226637117
1.2571,-1.78550587529469
1.2572,-1.78541107559621
1.2573,-1.78531788624581
1.2574,-1.78522632651795
1.2575,-1.78513641599643
1.2576,-1.78504817457948
1.2577,-1.78496162248482
1.2578,-1.78487678025481
1.2579,-1.78479366876163
1.258,-1.78471230921246
1.2581,-1.78463272315472
1.2582,-1.78455493248131
1.2583,-1.78447895943588
1.2584,-1.78440482661813
1.2585,-1.78433255698904
1.2586,-1.78426217387619
1.2587,-1.78419370097897
1.2588,-1.78412716237386
1.2589,-1.78406258251961
1.259,-1.78399998626238
1.2591,-1.78393939884088
1.2592,-1.78388084589137
1.2593,-1.78382435345261
1.2594,-1.7837699479707
1.2595,-1.78371765630383
1.2596,-1.78366750572684
1.2597,-1.78361952393566
1.2598,-1.78357373905157
1.2599,-1.78353017962526
1.26,-1.78348887464064
1.2601,-1.78344985351838
1.2602,-1.78341314611922
1.2603,-1.78337878274691
1.2604,-1.78334679415079
1.2605,-1.783317211528
1.2606,-1.78329006652522
1.2607,-1.78326539123994
1.2608,-1.7832432182212
1.2609,-1.7832235804697
1.261,-1.7832065114373
1.2611,-1.78319204502577
1.2612,-1.78318021558479
1.2613,-1.78317105790904
1.2614,-1.7831646072344
1.2615,-1.78316089923307
1.2616,-1.7831599700076
1.2617,-1.78316185608363
1.2618,-1.78316659440138
1.2619,-1.78317422230555
1.262,-1.78318477753368
1.2621,-1.7831982982028
1.2622,-1.78321482279409
1.2623,-1.78323439013548
1.2624,-1.78325703938208
1.2625,-1.78328280999397
1.2626,-1.78331174171152
1.2627,-1.78334387452757
1.2628,-1.78337924865662
1.2629,-1.78341790450045
1.263,-1.78345988260998
1.2631,-1.78350522364308
1.2632,-1.7835539683179
1.2633,-1.78360615736134
1.2634,-1.78366183145224
1.2635,-1.78372103115882
1.2636,-1.78378379686992
1.2637,-1.78385016871934
1.2638,-1.78392018650287
1.2639,-1.78399388958719
1.264,-1.78407131680999
1.2641,-1.78415250637059
1.2642,-1.78423749571005
1.2643,-1.78432632137998
1.2644,-1.784419018899
1.2645,-1.78451562259565
1.2646,-1.78461616543666
1.2647,-1.78472067883911
1.2648,-1.78482919246518
1.2649,-1.78494173399775
1.265,-1.78505832889511
1.2651,-1.785179000123
1.2652,-1.78530376786172
1.2653,-1.78543264918598
1.2654,-1.78556565771517
1.2655,-1.78570280323098
1.2656,-1.7858440912595
1.2657,-1.78598952261431
1.2658,-1.78613909289694
1.2659,-1.78629279195056
1.266,-1.78645060326236
1.2661,-1.78661250330971
1.2662,-1.78677846084461
1.2663,-1.78694843611036
1.2664,-1.78712237998375
1.2665,-1.78730023303541
1.2666,-1.78748192450008
1.2667,-1.78766737114793
1.2668,-1.78785647604656
1.2669,-1.78804912720301
1.267,-1.78824519607299
1.2671,-1.78844453592406
1.2672,-1.78864698003723
1.2673,-1.78885233973027
1.2674,-1.78906040218388
1.2675,-1.78927092804973
1.2676,-1.78948364881714
1.2677,-1.78969826391232
1.2678,-1.78991443750114
1.2679,-1.79013179496315
1.268,-1.79034991900044
1.2681,-1.79056834534102
1.2682,-1.79078655799128
1.2683,-1.7910039839868
1.2684,-1.79121998758461
1.2685,-1.79143386383306
1.2686,-1.79164483144755
1.2687,-1.79185202491188
1.2688,-1.79205448571439
1.2689,-1.79225115261744
1.269,-1.7924408508455
1.2691,-1.79262228006283
1.2692,-1.79279400099561
1.2693,-1.79295442053423
1.2694,-1.79310177513134
1.2695,-1.79323411228674
1.2696,-1.79334926988388
1.2697,-1.7934448531121
1.2698,-1.79351820867461
1.2699,-1.7935663959435
1.27,-1.79358615467929
1.2701,-1.7935738688836
1.2702,-1.79352552629852
1.2703,-1.79343667300437
1.2704,-1.79330236249898
1.2705,-1.79311709856538
1.2706,-1.79287477115037
1.2707,-1.79256858438477
1.2708,-1.79219097577571
1.2709,-1.79173352549477
1.271,-1.7911868545733
1.2711,-1.79054051070061
1.2712,-1.78978284020643
1.2713,-1.78890084470163
1.2714,-1.78788002076033
1.2715,-1.78670418096408
1.2716,-1.78535525461419
1.2717,-1.78381306647606
1.2718,-1.78205509208429
1.2719,-1.78005618845715
1.272,-1.77778829960642
1.2721,-1.77522013706853
1.2722,-1.77231683693542
1.2723,-1.76903959667281
1.2724,-1.76534529756209
1.2725,-1.76118612212064
1.2726,-1.75650918062453
1.2727,-1.75125616721306
1.2728,-1.74536307437468
1.2729,-1.73876000530423
1.273,-1.73137113705911
1.2731,-1.72311490390356
1.2732,-1.71390448972775
1.2733,-1.70364874051285
1.2734,-1.69225363122246
1.2735,-1.67962444372885
1.2736,-1.66566882912627
1.2737,-1.65030093232918
1.2738,-1.63344673960509
1.2739,-1.61505075808504
1.274,-1.59508403565535
1.2741,-1.57355336559026
1.2742,-1.5505112835288
1.2743,-1.52606615807644
1.2744,-1.50039132553051
1.2745,-1.47373188017063
1.2746,-1.44640749520319
1.2747,-1.41880963314826
1.2748,-1.39139182485808
1.2749,-1.36465242334249
1.275,-1.3391103413337
1.2751,-1.3152755910225
1.2752,-1.2936176628124
1.2753,-1.27453555465367
1.2754,-1.25833331153545
1.2755,-1.24520416657696
1.2756,-1.23522495319465
1.2757,-1.22836074950858
1.2758,-1.22447815925504
1.2759,-1.22336457878381
1.276,-1.22475040556806
1.2761,-1.22833136113272
1.2762,-1.23378873758429
1.2763,-1.24080619103357
1.2764,-1.24908248978392
1.2765,-1.25834024938479
1.2766,-1.26833110034778
1.2767,-1.27883794790753
1.2768,-1.28967504020393
1.2769,-1.30068651478556
1.277,-1.31174399122396
1.2771,-1.32274365575755
1.2772,-1.33360316531028
1.2773,-1.34425859527833
1.2774,-1.35466157286581
1.2775,-1.36477667549468
1.2776,-1.37457912947444
1.2777,-1.38405281430969
1.2778,-1.3931885593143
1.2779,-1.40198270854627
1.278,-1.41043592500125
1.2781,-1.41855220360736
1.2782,-1.42633806345134
1.2783,-1.43380189185772
1.2784,-1.44095341577551
1.2785,-1.44780327896863
1.2786,-1.45436270649374
1.2787,-1.46064324073342
1.2788,-1.46665653575617
1.2789,-1.47241419897352
1.279,-1.47792767096116
1.2791,-1.48320813592353
1.2792,-1.48826645664016
1.2793,-1.49311312886554
1.2794,-1.49775825109585
1.2795,-1.5022115063904
1.2796,-1.50648215357518
1.2797,-1.51057902567534
1.2798,-1.51451053385075
1.2799,-1.51828467545409
1.28,-1.52190904511198
1.2801,-1.52539084795732
1.2802,-1.52873691432523
1.2803,-1.53195371537232
1.2804,-1.53504737919928
1.2805,-1.53802370715216
1.2806,-1.54088819005408
1.2807,-1.54364602418123
1.2808,-1.54630212684481
1.2809,-1.54886115147999
1.281,-1.55132750217317
1.2811,-1.55370534758287
1.2812,-1.55599863422828
1.2813,-1.55821109913412
1.2814,-1.56034628183137
1.2815,-1.56240753572209
1.2816,-1.56439803882241
1.2817,-1.56632080390284
1.2818,-1.5681786880475
1.2819,-1.56997440165684
1.282,-1.57171051691898
1.2821,-1.57338947577571
1.2822,-1.57501359740938
1.2823,-1.57658508527665
1.2824,-1.57810603371431
1.2825,-1.57957843414201
1.2826,-1.58100418088559
1.2827,-1.58238507664374
1.2828,-1.58372283761989
1.2829,-1.58501909833995
1.283,-1.58627541617539
1.2831,-1.58749327559044
1.2832,-1.58867409213056
1.2833,-1.58981921616894
1.2834,-1.59092993642623
1.2835,-1.59200748327817
1.2836,-1.59305303186456
1.2837,-1.59406770501251
1.2838,-1.59505257598568
1.2839,-1.59600867107067
1.284,-1.59693697201124
1.2841,-1.59783841829966
1.2842,-1.59871390933467
1.2843,-1.59956430645424
1.2844,-1.60039043485132
1.2845,-1.60119308537972
1.2846,-1.60197301625725
1.2847,-1.60273095467233
1.2848,-1.60346759830033
1.2849,-1.60418361673511
1.285,-1.60487965284096
1.2851,-1.60555632403003
1.2852,-1.60621422346957
1.2853,-1.60685392122347
1.2854,-1.60747596533198
1.2855,-1.60808088283327
1.2856,-1.60866918073057
1.2857,-1.60924134690779
1.2858,-1.60979785099696
1.2859,-1.61033914520021
1.286,-1.61086566506901
1.2861,-1.61137783024301
1.2862,-1.6118760451511
1.2863,-1.61236069967661
1.2864,-1.61283216978882
1.2865,-1.61329081814272
1.2866,-1.61373699464877
1.2867,-1.61417103701435
1.2868,-1.61459327125849
1.2869,-1.61500401220143
1.287,-1.6154035639303
1.2871,-1.61579222024228
1.2872,-1.6161702650665
1.2873,-1.61653797286579
1.2874,-1.61689560901934
1.2875,-1.61724343018748
1.2876,-1.61758168465915
1.2877,-1.61791061268347
1.2878,-1.61823044678586
1.2879,-1.61854141206964
1.288,-1.61884372650393
1.2881,-1.61913760119857
1.2882,-1.61942324066648
1.2883,-1.6197008430745
1.2884,-1.61997060048294
1.2885,-1.62023269907462
1.2886,-1.62048731937383
1.2887,-1.62073463645579
1.2888,-1.62097482014697
1.2889,-1.62120803521685
1.289,-1.62143444156143
1.2891,-1.62165419437896
1.2892,-1.62186744433824
1.2893,-1.62207433773988
1.2894,-1.62227501667077
1.2895,-1.62246961915218
1.2896,-1.62265827928178
1.2897,-1.62284112736978
1.2898,-1.62301829006956
1.2899,-1.62318989050302
1.29,-1.62335604838087
1.2901,-1.62351688011812
1.2902,-1.62367249894494
1.2903,-1.62382301501317
1.2904,-1.62396853549868
1.2905,-1.62410916469964
1.2906,-1.62424500413105
1.2907,-1.62437615261559
1.2908,-1.62450270637097
1.2909,-1.624624759094
1.291,-1.62474240204136
1.2911,-1.62485572410747
1.2912,-1.62496481189931
1.2913,-1.6250697498085
1.2914,-1.62517062008073
1.2915,-1.62526750288258
1.2916,-1.6253604763659
1.2917,-1.6254496167299
1.2918,-1.62553499828088
1.2919,-1.62561669348989
1.292,-1.62569477304832
1.2921,-1.62576930592143
1.2922,-1.62584035940006
1.2923,-1.62590799915047
1.2924,-1.62597228926248
1.2925,-1.62603329229584
1.2926,-1.62609106932509
1.2927,-1.62614567998278
1.2928,-1.62619718250128
1.2929,-1.62624563375312
1.293,-1.62629108928995
1.2931,-1.62633360338021
1.2932,-1.62637322904551
1.2933,-1.62641001809581
1.2934,-1.62644402116341
1.2935,-1.62647528773585
1.2936,-1.62650386618764
1.2937,-1.62652980381106
1.2938,-1.62655314684587
1.2939,-1.62657394050812
1.294,-1.62659222901795
1.2941,-1.62660805562658
1.2942,-1.62662146264239
1.2943,-1.62663249145614
1.2944,-1.6266411825655
1.2945,-1.62664757559869
1.2946,-1.62665170933741
1.2947,-1.62665362173912
1.2948,-1.62665334995853
1.2949,-1.6266509303685
1.295,-1.62664639858026
1.2951,-1.62663978946304
1.2952,-1.62663113716302
1.2953,-1.62662047512187
1.2954,-1.62660783609453
1.2955,-1.62659325216663
1.2956,-1.62657675477125
1.2957,-1.62655837470529
1.2958,-1.6265381421453
1.2959,-1.62651608666285
1.296,-1.62649223723944
1.2961,-1.62646662228101
1.2962,-1.62643926963199
1.2963,-1.62641020658896
1.2964,-1.62637945991392
1.2965,-1.62634705584716
1.2966,-1.62631302011979
1.2967,-1.62627737796593
1.2968,-1.62624015413444
1.2969,-1.62620137290049
1.297,-1.62616105807669
1.2971,-1.62611923302392
1.2972,-1.62607592066189
1.2973,-1.62603114347945
1.2974,-1.62598492354445
1.2975,-1.62593728251356
1.2976,-1.62588824164161
1.2977,-1.62583782179082
1.2978,-1.62578604343974
1.2979,-1.62573292669188
1.298,-1.62567849128422
1.2981,-1.62562275659541
1.2982,-1.62556574165381
1.2983,-1.62550746514524
1.2984,-1.62544794542062
1.2985,-1.62538720050333
1.2986,-1.62532524809643
1.2987,-1.62526210558964
1.2988,-1.6251977900662
1.2989,-1.62513231830953
1.299,-1.62506570680966
1.2991,-1.6249979717696
1.2992,-1.62492912911145
1.2993,-1.62485919448244
1.2994,-1.62478818326072
1.2995,-1.62471611056111
1.2996,-1.62464299124063
1.2997,-1.62456883990391
1.2998,-1.62449367090848
1.2999,-1.62441749836992
1.3,-1.62434033616685
1.3001,-1.62426219794589
1.3002,-1.62418309712638
1.3003,-1.62410304690506
1.3004,-1.62402206026063
1.3005,-1.62394014995818
1.3006,-1.62385732855349
1.3007,-1.6237736083973
1.3008,-1.6236890016394
1.3009,-1.6236035202327
1.301,-1.62351717593708
1.3011,-1.62342998032332
1.3012,-1.62334194477677
1.3013,-1.62325308050106
1.3014,-1.62316339852164
1.3015,-1.62307290968927
1.3016,-1.62298162468347
1.3017,-1.62288955401576
1.3018,-1.62279670803302
1.3019,-1.62270309692058
1.302,-1.62260873070537
1.3021,-1.62251361925894
1.3022,-1.62241777230042
1.3023,-1.6223211993994
1.3024,-1.62222390997883
1.3025,-1.62212591331769
1.3026,-1.62202721855376
1.3027,-1.62192783468627
1.3028,-1.62182777057843
1.3029,-1.62172703496003
1.303,-1.62162563642985
1.3031,-1.62152358345811
1.3032,-1.62142088438885
1.3033,-1.62131754744219
1.3034,-1.62121358071666
1.3035,-1.62110899219136
1.3036,-1.62100378972815
1.3037,-1.62089798107378
1.3038,-1.62079157386193
1.3039,-1.62068457561526
1.304,-1.62057699374742
1.3041,-1.62046883556494
1.3042,-1.62036010826918
1.3043,-1.62025081895815
1.3044,-1.62014097462839
1.3045,-1.62003058217668
1.3046,-1.61991964840187
1.3047,-1.61980818000652
1.3048,-1.61969618359861
1.3049,-1.61958366569319
1.305,-1.61947063271396
1.3051,-1.61935709099486
1.3052,-1.6192430467816
1.3053,-1.61912850623319
1.3054,-1.6190134754234
1.3055,-1.61889796034221
1.3056,-1.61878196689726
1.3057,-1.6186655009152
1.3058,-1.61854856814306
1.3059,-1.61843117424963
1.306,-1.6183133248267
1.3061,-1.6181950253904
1.3062,-1.61807628138245
1.3063,-1.61795709817134
1.3064,-1.61783748105363
1.3065,-1.61771743525504
1.3066,-1.61759696593168
1.3067,-1.61747607817116
1.3068,-1.61735477699371
1.3069,-1.61723306735327
1.307,-1.61711095413858
1.3071,-1.61698844217422
1.3072,-1.61686553622165
1.3073,-1.61674224098022
1.3074,-1.61661856108815
1.3075,-1.61649450112353
1.3076,-1.61637006560526
1.3077,-1.61624525899401
1.3078,-1.6161200856931
1.3079,-1.61599455004943
1.308,-1.61586865635438
1.3081,-1.61574240884465
1.3082,-1.61561581170313
1.3083,-1.61548886905973
1.3084,-1.6153615849922
1.3085,-1.61523396352696
1.3086,-1.61510600863987
1.3087,-1.614977724257
1.3088,-1.61484911425541
1.3089,-1.61472018246391
1.309,-1.61459093266376
1.3091,-1.61446136858942
1.3092,-1.61433149392926
1.3093,-1.61420131232625
1.3094,-1.61407082737863
1.3095,-1.6139400426406
1.3096,-1.61380896162296
1.3097,-1.6136775877938
1.3098,-1.6135459245791
1.3099,-1.61341397536334
1.31,-1.61328174349016
1.3101,-1.61314923226293
1.3102,-1.61301644494537
1.3103,-1.61288338476209
1.3104,-1.6127500548992
1.3105,-1.61261645850487
1.3106,-1.61248259868984
1.3107,-1.61234847852803
1.3108,-1.61221410105701
1.3109,-1.61207946927858
1.311,-1.61194458615922
1.3111,-1.61180945463067
1.3112,-1.61167407759036
1.3113,-1.61153845790195
1.3114,-1.61140259839578
1.3115,-1.61126650186936
1.3116,-1.61113017108784
1.3117,-1.61099360878441
1.3118,-1.61085681766086
1.3119,-1.61071980038789
1.312,-1.61058255960566
1.3121,-1.61044509792413
1.3122,-1.61030741792356
1.3123,-1.61016952215484
1.3124,-1.61003141313995
1.3125,-1.60989309337235
1.3126,-1.60975456531737
1.3127,-1.60961583141258
1.3128,-1.6094768940682
1.3129,-1.60933775566746
1.313,-1.60919841856696
1.3131,-1.60905888509704
1.3132,-1.60891915756212
1.3133,-1.6087792382411
1.3134,-1.60863912938763
1.3135,-1.60849883323052
1.3136,-1.60835835197402
1.3137,-1.60821768779819
1.3138,-1.60807684285919
1.3139,-1.60793581928961
1.314,-1.60779461919879
1.3141,-1.60765324467311
1.3142,-1.60751169777634
1.3143,-1.60736998054986
1.3144,-1.60722809501303
1.3145,-1.60708604316343
1.3146,-1.60694382697716
1.3147,-1.60680144840912
1.3148,-1.6066589093933
1.3149,-1.60651621184303
1.315,-1.60637335765126
1.3151,-1.60623034869081
1.3152,-1.60608718681463
1.3153,-1.60594387385609
1.3154,-1.60580041162918
1.3155,-1.60565680192879
1.3156,-1.60551304653095
1.3157,-1.60536914719306
1.3158,-1.60522510565413
1.3159,-1.60508092363501
1.316,-1.60493660283863
1.3161,-1.60479214495022
1.3162,-1.60464755163753
1.3163,-1.60450282455105
1.3164,-1.60435796532423
1.3165,-1.60421297557367
1.3166,-1.60406785689937
1.3167,-1.60392261088492
1.3168,-1.60377723909766
1.3169,-1.60363174308897
1.317,-1.60348612439437
1.3171,-1.60334038453378
1.3172,-1.60319452501169
1.3173,-1.60304854731736
1.3174,-1.60290245292497
1.3175,-1.60275624329386
1.3176,-1.60260991986866
1.3177,-1.60246348407949
1.3178,-1.60231693734215
1.3179,-1.60217028105825
1.318,-1.60202351661542
1.3181,-1.60187664538749
1.3182,-1.60172966873458
1.3183,-1.60158258800335
1.3184,-1.60143540452712
1.3185,-1.60128811962603
1.3186,-1.60114073460719
1.3187,-1.60099325076487
1.3188,-1.6008456693806
1.3189,-1.60069799172336
1.319,-1.6005502190497
1.3191,-1.60040235260392
1.3192,-1.60025439361819
1.3193,-1.60010634331267
1.3194,-1.59995820289571
1.3195,-1.59980997356392
1.3196,-1.59966165650237
1.3197,-1.59951325288465
1.3198,-1.5993647638731
1.3199,-1.59921619061883
1.32,-1.59906753426194
1.3201,-1.59891879593159
1.3202,-1.59876997674617
1.3203,-1.59862107781336
1.3204,-1.59847210023032
1.3205,-1.59832304508376
1.3206,-1.59817391345011
1.3207,-1.59802470639557
1.3208,-1.59787542497627
1.3209,-1.59772607023839
1.321,-1.59757664321824
1.3211,-1.59742714494239
1.3212,-1.59727757642777
1.3213,-1.5971279386818
1.3214,-1.59697823270247
1.3215,-1.59682845947846
1.3216,-1.59667861998921
1.3217,-1.5965287152051
1.3218,-1.59637874608746
1.3219,-1.59622871358873
1.322,-1.59607861865252
1.3221,-1.59592846221376
1.3222,-1.59577824519873
1.3223,-1.59562796852518
1.3224,-1.59547763310247
1.3225,-1.59532723983157
1.3226,-1.59517678960523
1.3227,-1.59502628330804
1.3228,-1.59487572181651
1.3229,-1.59472510599917
1.323,-1.59457443671664
1.3231,-1.59442371482176
1.3232,-1.5942729411596
1.3233,-1.59412211656761
1.3234,-1.59397124187567
1.3235,-1.59382031790616
1.3236,-1.5936693454741
1.3237,-1.59351832538713
1.3238,-1.59336725844567
1.3239,-1.59321614544299
1.324,-1.59306498716521
1.3241,-1.59291378439149
1.3242,-1.592762537894
1.3243,-1.59261124843806
1.3244,-1.59245991678217
1.3245,-1.59230854367812
1.3246,-1.59215712987102
1.3247,-1.59200567609942
1.3248,-1.59185418309531
1.3249,-1.59170265158425
1.325,-1.59155108228541
1.3251,-1.59139947591163
1.3252,-1.59124783316949
1.3253,-1.59109615475941
1.3254,-1.59094444137563
1.3255,-1.59079269370637
1.3256,-1.59064091243383
1.3257,-1.59048909823426
1.3258,-1.59033725177804
1.3259,-1.59018537372972
1.326,-1.5900334647481
1.3261,-1.58988152548626
1.3262,-1.58972955659165
1.3263,-1.58957755870611
1.3264,-1.58942553246597
1.3265,-1.58927347850206
1.3266,-1.58912139743982
1.3267,-1.58896928989928
1.3268,-1.58881715649519
1.3269,-1.58866499783702
1.327,-1.58851281452903
1.3271,-1.58836060717035
1.3272,-1.58820837635497
1.3273,-1.58805612267183
1.3274,-1.5879038467049
1.3275,-1.58775154903314
1.3276,-1.58759923023065
1.3277,-1.58744689086663
1.3278,-1.58729453150552
1.3279,-1.58714215270694
1.328,-1.58698975502583
1.3281,-1.58683733901245
1.3282,-1.58668490521242
1.3283,-1.5865324541668
1.3284,-1.58637998641211
1.3285,-1.58622750248036
1.3286,-1.58607500289913
1.3287,-1.58592248819158
1.3288,-1.58576995887652
1.3289,-1.58561741546843
1.329,-1.58546485847751
1.3291,-1.58531228840972
1.3292,-1.58515970576683
1.3293,-1.58500711104644
1.3294,-1.58485450474204
1.3295,-1.58470188734303
1.3296,-1.58454925933478
1.3297,-1.58439662119865
1.3298,-1.58424397341205
1.3299,-1.58409131644844
1.33,-1.58393865077741
1.3301,-1.58378597686468
1.3302,-1.58363329517216
1.3303,-1.58348060615797
1.3304,-1.58332791027652
1.3305,-1.58317520797845
1.3306,-1.58302249971077
1.3307,-1.58286978591684
1.3308,-1.58271706703639
1.3309,-1.58256434350559
1.331,-1.58241161575708
1.3311,-1.58225888421996
1.3312,-1.58210614931989
1.3313,-1.58195341147906
1.3314,-1.58180067111625
1.3315,-1.58164792864687
1.3316,-1.58149518448297
1.3317,-1.58134243903328
1.3318,-1.58118969270324
1.3319,-1.58103694589504
1.332,-1.58088419900764
1.3321,-1.58073145243679
1.3322,-1.58057870657506
1.3323,-1.5804259618119
1.3324,-1.58027321853364
1.3325,-1.58012047712351
1.3326,-1.5799677379617
1.3327,-1.57981500142535
1.3328,-1.57966226788862
1.3329,-1.57950953772268
1.333,-1.57935681129574
1.3331,-1.5792040889731
1.3332,-1.57905137111717
1.3333,-1.57889865808747
1.3334,-1.57874595024069
1.3335,-1.57859324793069
1.3336,-1.57844055150854
1.3337,-1.57828786132252
1.3338,-1.5781351777182
1.3339,-1.57798250103839
1.334,-1.57782983162323
1.3341,-1.57767716981017
1.3342,-1.57752451593402
1.3343,-1.57737187032694
1.3344,-1.57721923331853
1.3345,-1.57706660523575
1.3346,-1.57691398640304
1.3347,-1.5767613771423
1.3348,-1.5766087777729
1.3349,-1.57645618861173
1.335,-1.5763036099732
1.3351,-1.57615104216927
1.3352,-1.57599848550948
1.3353,-1.57584594030095
1.3354,-1.57569340684842
1.3355,-1.57554088545427
1.3356,-1.57538837641852
1.3357,-1.57523588003887
1.3358,-1.5750833966107
1.3359,-1.57493092642714
1.336,-1.57477846977901
1.3361,-1.57462602695491
1.3362,-1.57447359824121
1.3363,-1.57432118392204
1.3364,-1.57416878427938
1.3365,-1.57401639959302
1.3366,-1.57386403014058
1.3367,-1.57371167619758
1.3368,-1.57355933803739
1.3369,-1.57340701593129
1.337,-1.57325471014848
1.3371,-1.5731024209561
1.3372,-1.57295014861923
1.3373,-1.57279789340093
1.3374,-1.57264565556224
1.3375,-1.57249343536221
1.3376,-1.5723412330579
1.3377,-1.57218904890442
1.3378,-1.57203688315492
1.3379,-1.57188473606062
1.338,-1.57173260787083
1.3381,-1.57158049883297
1.3382,-1.57142840919255
1.3383,-1.57127633919324
1.3384,-1.57112428907683
1.3385,-1.57097225908331
1.3386,-1.5708202494508
1.3387,-1.57066826041564
1.3388,-1.5705162922124
1.3389,-1.57036434507382
1.339,-1.5702124192309
1.3391,-1.57006051491292
1.3392,-1.56990863234737
1.3393,-1.56975677176007
1.3394,-1.56960493337509
1.3395,-1.56945311741485
1.3396,-1.56930132410004
1.3397,-1.56914955364974
1.3398,-1.56899780628133
1.3399,-1.56884608221059
1.34,-1.56869438165164
1.3401,-1.568542704817
1.3402,-1.56839105191759
1.3403,-1.56823942316276
1.3404,-1.56808781876026
1.3405,-1.56793623891629
1.3406,-1.5677846838355
1.3407,-1.567633153721
1.3408,-1.56748164877438
1.3409,-1.56733016919572
1.341,-1.56717871518358
1.3411,-1.56702728693504
1.3412,-1.56687588464573
1.3413,-1.56672450850978
1.3414,-1.56657315871988
1.3415,-1.56642183546726
1.3416,-1.56627053894176
1.3417,-1.56611926933177
1.3418,-1.56596802682426
1.3419,-1.56581681160483
1.342,-1.56566562385769
1.3421,-1.56551446376564
1.3422,-1.56536333151016
1.3423,-1.56521222727136
1.3424,-1.56506115122799
1.3425,-1.56491010355748
1.3426,-1.56475908443593
1.3427,-1.56460809403815
1.3428,-1.56445713253761
1.3429,-1.56430620010652
1.343,-1.56415529691579
1.3431,-1.56400442313505
1.3432,-1.56385357893269
1.3433,-1.56370276447583
1.3434,-1.56355197993035
1.3435,-1.5634012254609
1.3436,-1.56325050123089
1.3437,-1.56309980740254
1.3438,-1.56294914413684
1.3439,-1.56279851159359
1.344,-1.56264790993141
1.3441,-1.56249733930774
1.3442,-1.56234679987883
1.3443,-1.5621962917998
1.3444,-1.5620458152246
1.3445,-1.56189537030604
1.3446,-1.56174495719579
1.3447,-1.5615945760444
1.3448,-1.56144422700129
1.3449,-1.56129391021479
1.345,-1.56114362583213
1.3451,-1.56099337399942
1.3452,-1.56084315486171
1.3453,-1.56069296856296
1.3454,-1.56054281524607
1.3455,-1.56039269505288
1.3456,-1.56024260812417
1.3457,-1.56009255459967
1.3458,-1.55994253461811
1.3459,-1.55979254831714
1.346,-1.55964259583341
1.3461,-1.55949267730258
1.3462,-1.55934279285925
1.3463,-1.55919294263708
1.3464,-1.5590431267687
1.3465,-1.55889334538575
1.3466,-1.55874359861894
1.3467,-1.55859388659795
1.3468,-1.55844420945154
1.3469,-1.5582945673075
1.347,-1.55814496029267
1.3471,-1.55799538853295
1.3472,-1.5578458521533
1.3473,-1.55769635127777
1.3474,-1.55754688602946
1.3475,-1.55739745653057
1.3476,-1.55724806290241
1.3477,-1.55709870526535
1.3478,-1.55694938373891
1.3479,-1.55680009844168
1.348,-1.55665084949139
1.3481,-1.5565016370049
1.3482,-1.55635246109818
1.3483,-1.55620332188635
1.3484,-1.55605421948368
1.3485,-1.55590515400358
1.3486,-1.55575612555861
1.3487,-1.55560713426051
1.3488,-1.55545818022017
1.3489,-1.55530926354766
1.349,-1.55516038435223
1.3491,-1.55501154274232
1.3492,-1.55486273882555
1.3493,-1.55471397270874
1.3494,-1.55456524449793
1.3495,-1.55441655429835
1.3496,-1.55426790221444
1.3497,-1.55411928834988
1.3498,-1.55397071280755
1.3499,-1.55382217568959
1.35,-1.55367367709734
1.3501,-1.55352521713143
1.3502,-1.55337679589169
1.3503,-1.55322841347721
1.3504,-1.55308006998637
1.3505,-1.55293176551679
1.3506,-1.55278350016534
1.3507,-1.5526352740282
1.3508,-1.5524870872008
1.3509,-1.55233893977786
1.351,-1.5521908318534
1.3511,-1.55204276352072
1.3512,-1.55189473487242
1.3513,-1.55174674600041
1.3514,-1.5515987969959
1.3515,-1.55145088794941
1.3516,-1.5513030189508
1.3517,-1.55115519008921
1.3518,-1.55100740145315
1.3519,-1.55085965313044
1.352,-1.55071194520824
1.3521,-1.55056427777305
1.3522,-1.55041665091071
1.3523,-1.55026906470642
1.3524,-1.55012151924472
1.3525,-1.54997401460954
1.3526,-1.54982655088413
1.3527,-1.54967912815114
1.3528,-1.54953174649258
1.3529,-1.54938440598983
1.353,-1.54923710672367
1.3531,-1.54908984877424
1.3532,-1.54894263222108
1.3533,-1.54879545714314
1.3534,-1.54864832361873
1.3535,-1.5485012317256
1.3536,-1.54835418154087
1.3537,-1.5482071731411
1.3538,-1.54806020660226
1.3539,-1.5479132819997
1.354,-1.54776639940824
1.3541,-1.5476195589021
1.3542,-1.54747276055494
1.3543,-1.54732600443983
1.3544,-1.54717929062931
1.3545,-1.54703261919533
1.3546,-1.54688599020931
1.3547,-1.5467394037421
1.3548,-1.54659285986402
1.3549,-1.54644635864482
1.355,-1.54629990015372
1.3551,-1.54615348445942
1.3552,-1.54600711163007
1.3553,-1.54586078173329
1.3554,-1.54571449483617
1.3555,-1.54556825100529
1.3556,-1.5454220503067
1.3557,-1.54527589280593
1.3558,-1.54512977856803
1.3559,-1.54498370765748
1.356,-1.54483768013832
1.3561,-1.54469169607405
1.3562,-1.54454575552767
1.3563,-1.54439985856169
1.3564,-1.54425400523814
1.3565,-1.54410819561855
1.3566,-1.54396242976396
1.3567,-1.54381670773494
1.3568,-1.54367102959156
1.3569,-1.54352539539343
1.357,-1.54337980519968
1.3571,-1.54323425906899
1.3572,-1.54308875705953
1.3573,-1.54294329922904
1.3574,-1.5427978856348
1.3575,-1.5426525163336
1.3576,-1.54250719138182
1.3577,-1.54236191083535
1.3578,-1.54221667474965
1.3579,-1.54207148317974
1.358,-1.54192633618016
1.3581,-1.54178123380506
1.3582,-1.54163617610812
1.3583,-1.54149116314259
1.3584,-1.5413461949613
1.3585,-1.54120127161663
1.3586,-1.54105639316056
1.3587,-1.54091155964463
1.3588,-1.54076677111995
1.3589,-1.54062202763724
1.359,-1.54047732924679
1.3591,-1.54033267599846
1.3592,-1.54018806794173
1.3593,-1.54004350512565
1.3594,-1.53989898759887
1.3595,-1.53975451540966
1.3596,-1.53961008860586
1.3597,-1.53946570723494
1.3598,-1.53932137134394
1.3599,-1.53917708097953
1.36,-1.53903283618801
1.3601,-1.53888863701526
1.3602,-1.53874448350679
1.3603,-1.53860037570773
1.3604,-1.53845631366282
1.3605,-1.53831229741643
1.3606,-1.53816832701256
1.3607,-1.53802440249484
1.3608,-1.53788052390651
1.3609,-1.53773669129045
1.361,-1.53759290468921
1.3611,-1.53744916414491
1.3612,-1.53730546969937
1.3613,-1.53716182139403
1.3614,-1.53701821926995
1.3615,-1.53687466336789
1.3616,-1.53673115372819
1.3617,-1.53658769039091
1.3618,-1.53644427339571
1.3619,-1.53630090278194
1.362,-1.53615757858857
1.3621,-1.53601430085428
1.3622,-1.53587106961736
1.3623,-1.5357278849158
1.3624,-1.53558474678723
1.3625,-1.53544165526897
1.3626,-1.535298610398
1.3627,-1.53515561221098
1.3628,-1.53501266074421
1.3629,-1.53486975603372
1.363,-1.53472689811518
1.3631,-1.53458408702394
1.3632,-1.53444132279506
1.3633,-1.53429860546325
1.3634,-1.53415593506294
1.3635,-1.53401331162821
1.3636,-1.53387073519287
1.3637,-1.5337282057904
1.3638,-1.53358572345396
1.3639,-1.53344328821644
1.364,-1.5333009001104
1.3641,-1.53315855916811
1.3642,-1.53301626542154
1.3643,-1.53287401890236
1.3644,-1.53273181964196
1.3645,-1.53258966767141
1.3646,-1.53244756302152
1.3647,-1.53230550572279
1.3648,-1.53216349580542
1.3649,-1.53202153329936
1.365,-1.53187961823425
1.3651,-1.53173775063944
1.3652,-1.53159593054403
1.3653,-1.53145415797682
1.3654,-1.53131243296634
1.3655,-1.53117075554083
1.3656,-1.53102912572828
1.3657,-1.53088754355638
1.3658,-1.53074600905257
1.3659,-1.53060452224401
1.366,-1.53046308315761
1.3661,-1.53032169182
1.3662,-1.53018034825754
1.3663,-1.53003905249634
1.3664,-1.52989780456224
1.3665,-1.52975660448083
1.3666,-1.52961545227744
1.3667,-1.52947434797713
1.3668,-1.52933329160473
1.3669,-1.5291922831848
1.367,-1.52905132274165
1.3671,-1.52891041029935
1.3672,-1.5287695458817
1.3673,-1.52862872951228
1.3674,-1.52848796121441
1.3675,-1.52834724101117
1.3676,-1.52820656892538
1.3677,-1.52806594497966
1.3678,-1.52792536919634
1.3679,-1.52778484159755
1.368,-1.52764436220517
1.3681,-1.52750393104084
1.3682,-1.52736354812598
1.3683,-1.52722321348176
1.3684,-1.52708292712913
1.3685,-1.52694268908881
1.3686,-1.52680249938128
1.3687,-1.52666235802682
1.3688,-1.52652226504546
1.3689,-1.52638222045701
1.369,-1.52624222428106
1.3691,-1.52610227653698
1.3692,-1.52596237724393
1.3693,-1.52582252642082
1.3694,-1.52568272408638
1.3695,-1.5255429702591
1.3696,-1.52540326495726
1.3697,-1.52526360819892
1.3698,-1.52512400000196
1.3699,-1.52498444038399
1.37,-1.52484492936247
